feature	metadata	value	coef	stderr	N	N.not.0	pval	qval
PWY0.1296..purine.ribonucleosides.degradation	born_method	vaginal	-0.000223698545030078	1.72740151915847e-05	578	576	7.6051543241698e-34	2.93558956912954e-31
PYRIDNUCSAL.PWY..NAD.salvage.pathway.I	born_method	vaginal	9.71027785859965e-05	7.74862097015697e-06	578	470	4.98919230132151e-32	9.62914114155052e-30
PWY.7208..superpathway.of.pyrimidine.nucleobases.salvage	born_method	vaginal	-0.000183488256872732	1.55673122930577e-05	578	577	7.05301515411432e-29	9.07487949829376e-27
PWY.622..starch.biosynthesis	born_method	vaginal	0.000105130366565195	9.22649971495163e-06	578	277	2.89454813274959e-27	2.79323894810336e-25
PWY.7197..pyrimidine.deoxyribonucleotide.phosphorylation	born_method	vaginal	-0.000164800885081706	1.45469294696161e-05	578	577	5.33996412653719e-27	4.12245230568671e-25
PWY.6609..adenine.and.adenosine.salvage.III	born_method	vaginal	-0.000222723615593862	1.99174612130953e-05	578	578	2.08657083924209e-26	1.33103040134491e-24
PWY.6270..isoprene.biosynthesis.I	born_method	vaginal	9.68653405155689e-05	8.67456704473223e-06	578	394	2.41378570192083e-26	1.33103040134491e-24
PWY.7560..methylerythritol.phosphate.pathway.II	born_method	vaginal	9.38420523751391e-05	8.50950214298464e-06	578	395	8.66384428634318e-26	4.18030486816059e-24
PWY.7228..superpathway.of.guanosine.nucleotides.de.novo.biosynthesis.I	born_method	vaginal	-0.000158229519701316	1.45599960592131e-05	578	578	3.75433808753808e-25	1.61019389087744e-23
PWY.7199..pyrimidine.deoxyribonucleosides.salvage	born_method	vaginal	-0.000156957234305188	1.4634796820554e-05	578	578	1.36402410451444e-24	5.26513304342574e-23
NONMEVIPP.PWY..methylerythritol.phosphate.pathway.I	born_method	vaginal	0.000150653700279872	1.42292767598361e-05	578	396	4.6812611074905e-24	1.64269707953758e-22
PWY.7184..pyrimidine.deoxyribonucleotides.de.novo.biosynthesis.I	born_method	vaginal	-0.000152872694183497	1.47562724764539e-05	578	576	3.53438692991754e-23	1.04944104226782e-21
PWY.7328..superpathway.of.UDP.glucose.derived.O.antigen.building.blocks.biosynthesis	born_method	vaginal	8.0912877917037e-05	7.80614579172615e-06	578	431	3.36910007841672e-23	1.04944104226782e-21
PWY.2723..trehalose.degradation.V	born_method	vaginal	0.000133149437600899	1.28826099269835e-05	578	509	4.37572209401102e-23	1.20644909163447e-21
PWY.6125..superpathway.of.guanosine.nucleotides.de.novo.biosynthesis.II	born_method	vaginal	-0.000137998799332428	1.33920181033267e-05	578	578	5.748244103419e-23	1.47921481594649e-21
PWY0.1297..superpathway.of.purine.deoxyribonucleosides.degradation	born_method	vaginal	-0.000142935560377267	1.42067322701522e-05	578	568	4.79151302886996e-22	1.15595251821488e-20
PYRIDNUCSYN.PWY..NAD.biosynthesis.I..from.aspartate.	born_method	vaginal	0.000131809499423125	1.31837836886261e-05	578	517	8.26696533088862e-22	1.87708742219001e-20
PWY.7046..4.coumarate.degradation..anaerobic.	born_method	vaginal	3.15960784227945e-05	3.27846714258692e-06	578	230	1.76604628020684e-20	3.78718813422134e-19
LPSSYN.PWY..superpathway.of.lipopolysaccharide.biosynthesis	born_method	vaginal	2.75374083290097e-05	2.87703811662572e-06	578	196	3.06794101479498e-20	6.23276437742558e-19
GALACT.GLUCUROCAT.PWY..superpathway.of.hexuronide.and.hexuronate.degradation	born_method	vaginal	5.46100677759607e-05	5.78150528096858e-06	578	296	8.72339300384257e-20	1.68361484974162e-18
PWY.4702..phytate.degradation.I	born_method	vaginal	6.24629891103203e-05	6.63050404112357e-06	578	303	1.07331877883032e-19	1.97286213632621e-18
GLUDEG.I.PWY..GABA.shunt	born_method	vaginal	3.18708858886913e-05	3.39953398910831e-06	578	233	1.56109813855082e-19	2.73901764309372e-18
PWY.5384..sucrose.degradation.IV..sucrose.phosphorylase.	born_method	vaginal	0.000144202039705629	1.55552416739236e-05	578	557	3.68208876690177e-19	6.17950549575689e-18
PWY.5994..palmitate.biosynthesis.I..animals.and.fungi.	born_method	vaginal	3.75306923678086e-05	4.05370904440513e-06	578	121	4.05927177421674e-19	6.52866210353192e-18
THISYNARA.PWY..superpathway.of.thiamin.diphosphate.biosynthesis.III..eukaryotes.	born_method	vaginal	7.75359003350912e-05	8.39814236182003e-06	578	567	5.01036504753368e-19	7.736003633392e-18
P124.PWY..Bifidobacterium.shunt	born_method	vaginal	9.8973694560806e-05	1.07532822927399e-05	578	231	6.31395686641218e-19	9.37379750167346e-18
PWY.5656..mannosylglycerate.biosynthesis.I	born_method	vaginal	3.86880508468229e-05	4.25534311545694e-06	578	241	1.56587560352984e-18	2.23862215912044e-17
PWY66.409..superpathway.of.purine.nucleotide.salvage	born_method	vaginal	-0.000130645987037727	1.44391715767601e-05	578	565	2.22263523832717e-18	3.06406143569389e-17
PWY0.42..2.methylcitrate.cycle.I	born_method	vaginal	3.8542426499855e-05	4.27237451446262e-06	578	253	2.7527422808854e-18	3.66399489800608e-17
PWY.6823..molybdenum.cofactor.biosynthesis	born_method	vaginal	2.59394888955927e-05	2.88491918131013e-06	578	224	3.49560845783257e-18	4.49768288241124e-17
PWY.6700..queuosine.biosynthesis	born_method	vaginal	-0.000111235910114481	1.24077033719148e-05	578	578	4.31230692726979e-18	5.36951765782626e-17
PWY.841..superpathway.of.purine.nucleotides.de.novo.biosynthesis.I	born_method	vaginal	-0.000103978282594985	1.16385978001889e-05	578	577	5.52449831701764e-18	6.66392609490253e-17
PWY3O.355..stearate.biosynthesis.III..fungi.	born_method	vaginal	2.76946626910503e-05	3.13157325903718e-06	578	193	1.12813949048985e-17	1.31958134342147e-16
GLYCOCAT.PWY..glycogen.degradation.I..bacterial.	born_method	vaginal	0.000178025254917012	2.02206359152623e-05	578	511	1.54011787896943e-17	1.74848676847706e-16
PWY.7456..mannan.degradation	born_method	vaginal	3.16048043810592e-05	3.62599815087463e-06	578	174	3.06641276982456e-17	3.38181522614937e-16
PWY.7234..inosine.5..phosphate.biosynthesis.III	born_method	vaginal	-0.000125667180209922	1.44433995003218e-05	578	576	3.46020268504568e-17	3.71010621229898e-16
PWY.6731..starch.degradation.III	born_method	vaginal	3.86805117073372e-05	4.47691592785125e-06	578	358	5.54378365780627e-17	5.7835148430087e-16
PWY.5747..2.methylcitrate.cycle.II	born_method	vaginal	3.65200160768189e-05	4.23205897959238e-06	578	276	6.01891429238163e-17	6.11394978120871e-16
PWY0.166..superpathway.of.pyrimidine.deoxyribonucleotides.de.novo.biosynthesis..E..coli.	born_method	vaginal	-0.000114987023423999	1.33677111856758e-05	578	576	7.44638023692572e-17	7.37000710629059e-16
PWY0.41..allantoin.degradation.IV..anaerobic.	born_method	vaginal	2.23146469734717e-05	2.60434538435766e-06	578	213	9.64967622694861e-17	9.31193755900541e-16
PWY.5121..superpathway.of.geranylgeranyl.diphosphate.biosynthesis.II..via.MEP.	born_method	vaginal	4.66769627474016e-05	5.46879502863817e-06	578	389	1.24455005820564e-16	1.17169834748141e-15
PWY.7209..superpathway.of.pyrimidine.ribonucleosides.degradation	born_method	vaginal	2.38015838924911e-05	2.79274748192497e-06	578	230	1.36989237057746e-16	1.25899632153071e-15
COLANSYN.PWY..colanic.acid.building.blocks.biosynthesis	born_method	vaginal	6.10451125809804e-05	7.23931260490119e-06	578	392	2.72842036734881e-16	2.44923316696893e-15
TRNA.CHARGING.PWY..tRNA.charging	born_method	vaginal	-9.08016097973477e-05	1.08012211232977e-05	578	578	3.32043068458418e-16	2.91292328238521e-15
GLUCUROCAT.PWY..superpathway.of..beta..D.glucuronide.and.D.glucuronate.degradation	born_method	vaginal	4.93371298121849e-05	5.89150692796152e-06	578	330	4.24233306974505e-16	3.63897903315909e-15
PWY.5695..urate.biosynthesis.inosine.5..phosphate.degradation	born_method	vaginal	-0.00010527643135191	1.27534108188684e-05	578	578	1.04308742649903e-15	8.75286405714401e-15
PWY.6749..CMP.legionaminate.biosynthesis.I	born_method	vaginal	2.81147793616518e-05	3.42712407209336e-06	578	76	1.52850372705218e-15	1.25532433753647e-14
DAPLYSINESYN.PWY..L.lysine.biosynthesis.I	born_method	vaginal	0.000102606500772714	1.25283004623152e-05	578	552	1.69177801735476e-15	1.36047148895612e-14
PWY.4981..L.proline.biosynthesis.II..from.arginine.	born_method	vaginal	-0.00011548777602326	1.43587998810773e-05	578	577	5.01305913620447e-15	3.9490629113774e-14
METHGLYUT.PWY..superpathway.of.methylglyoxal.degradation	born_method	vaginal	4.31546500940242e-05	5.42099421161813e-06	578	486	9.1521972356839e-15	7.06549626594797e-14
PWY0.1298..superpathway.of.pyrimidine.deoxyribonucleosides.degradation	born_method	vaginal	-7.356942349799e-05	9.24965345093171e-06	578	564	9.62380483767266e-15	7.28389934772872e-14
GLUCOSE1PMETAB.PWY..glucose.and.glucose.1.phosphate.degradation	born_method	vaginal	0.000123260693479321	1.55591629534586e-05	578	526	1.21148184439801e-14	8.99292292187756e-14
PWY.6126..superpathway.of.adenosine.nucleotides.de.novo.biosynthesis.II	born_method	vaginal	-0.000105092227764482	1.36028596158195e-05	578	578	4.96385066269146e-14	3.61518180339416e-13
PWY.6936..seleno.amino.acid.biosynthesis	born_method	vaginal	-0.00010434440111675	1.36114472634276e-05	578	578	7.58669907514071e-14	5.42308489445243e-13
COA.PWY..coenzyme.A.biosynthesis.I	born_method	vaginal	-0.000106879450641073	1.40108005070886e-05	578	578	9.88990067606773e-14	6.94091211084026e-13
NONOXIPENT.PWY..pentose.phosphate.pathway..non.oxidative.branch.	born_method	vaginal	-9.91393697640915e-05	1.30934839833918e-05	578	577	1.47277689345365e-13	1.01516407298769e-12
LACTOSECAT.PWY..lactose.and.galactose.degradation.I	born_method	vaginal	-0.000188338984680481	2.50583220784541e-05	578	558	2.17181322369815e-13	1.47073667429383e-12
PWY.2941..L.lysine.biosynthesis.II	born_method	vaginal	-9.91789262914257e-05	1.32270977429504e-05	578	569	2.45911260985731e-13	1.63658184035331e-12
PWY.7392..taxadiene.biosynthesis..engineered.	born_method	vaginal	3.10694346652854e-05	4.2014953061479e-06	578	323	5.02156689656251e-13	3.28529630859852e-12
PWY.5692..allantoin.degradation.to.glyoxylate.II	born_method	vaginal	1.83636538263388e-05	2.52807238888772e-06	578	210	1.22731935689676e-12	7.76631593052702e-12
URDEGR.PWY..superpathway.of.allantoin.degradation.in.plants	born_method	vaginal	1.83636538263388e-05	2.52807238888772e-06	578	210	1.22731935689676e-12	7.76631593052702e-12
KDO.NAGLIPASYN.PWY..superpathway.of..Kdo.2.lipid.A.biosynthesis	born_method	vaginal	2.25006134567747e-05	3.10703002565323e-06	578	266	1.424890008719e-12	8.87108940912154e-12
PWY.4242..pantothenate.and.coenzyme.A.biosynthesis.III	born_method	vaginal	-9.13647756086362e-05	1.26503042951671e-05	578	578	1.62542417288132e-12	9.95894810686014e-12
DENOVOPURINE2.PWY..superpathway.of.purine.nucleotides.de.novo.biosynthesis.II	born_method	vaginal	-9.05622434890352e-05	1.2652010049135e-05	578	574	2.50580969741119e-12	1.51131647375113e-11
PWY.1622..formaldehyde.assimilation.I..serine.pathway.	born_method	vaginal	1.78446239302715e-05	2.49744769094208e-06	578	150	2.72970383357088e-12	1.62102412270517e-11
GLYCOL.GLYOXDEG.PWY..superpathway.of.glycol.metabolism.and.degradation	born_method	vaginal	1.9832558986993e-05	2.84514031524937e-06	578	331	8.66574371302643e-12	5.06814708064879e-11
AEROBACTINSYN.PWY..aerobactin.biosynthesis	born_method	vaginal	1.98341943649658e-05	2.85061447295959e-06	578	114	9.42442703676686e-12	5.42959527789852e-11
PWY.6124..inosine.5..phosphate.biosynthesis.II	born_method	vaginal	-9.88245953170809e-05	1.42108906629412e-05	578	578	9.65675148643972e-12	5.48162657906725e-11
PWY.5705..allantoin.degradation.to.glyoxylate.III	born_method	vaginal	2.16568604216041e-05	3.14144123108114e-06	578	265	1.43003459383146e-11	7.99990366983974e-11
PWY.7039..phosphatidate.metabolism..as.a.signaling.molecule	born_method	vaginal	1.79609041372609e-05	2.6063682592124e-06	578	73	1.4559396779802e-11	8.02846736714795e-11
PWY.5505..L.glutamate.and.L.glutamine.biosynthesis	born_method	vaginal	1.77446033731761e-05	2.5775913067479e-06	578	262	1.52344344926733e-11	8.28238269601674e-11
PWY.6629..superpathway.of.L.tryptophan.biosynthesis	born_method	vaginal	5.44025658950577e-05	7.94534185042446e-06	578	386	1.93685928366667e-11	1.03837178263241e-10
PWY.4984..urea.cycle	born_method	vaginal	3.8754562833127e-05	5.68919755512329e-06	578	329	2.42948444603635e-11	1.28463150160278e-10
P4.PWY..superpathway.of.L.lysine..L.threonine.and.L.methionine.biosynthesis.I	born_method	vaginal	6.04869892584795e-05	8.91634282110552e-06	578	520	2.91048193887945e-11	1.51817030865874e-10
PWY.7409..phospholipid.remodeling..phosphatidylethanolamine..yeast.	born_method	vaginal	1.69989335029306e-05	2.56722710512213e-06	578	98	8.15845241056218e-11	4.19888350730267e-10
PWY.7229..superpathway.of.adenosine.nucleotides.de.novo.biosynthesis.I	born_method	vaginal	-9.0949129661128e-05	1.38191372695805e-05	578	578	1.04930099784534e-10	5.32934454168817e-10
PWY.6123..inosine.5..phosphate.biosynthesis.I	born_method	vaginal	-9.20937050034083e-05	1.40132428622285e-05	578	578	1.11340792456512e-10	5.58149946600178e-10
SALVADEHYPOX.PWY..adenosine.nucleotides.degradation.II	born_method	vaginal	8.28483711824523e-05	1.26693236627366e-05	578	366	1.36454367185992e-10	6.67374775618131e-10
PWY.6071..superpathway.of.phenylethylamine.degradation	born_method	vaginal	1.62706493471483e-05	2.48819673223673e-06	578	68	1.3658706547625e-10	6.67374775618131e-10
PWY0.321..phenylacetate.degradation.I..aerobic.	born_method	vaginal	1.61970840897431e-05	2.4777998488831e-06	578	68	1.38514010363024e-10	6.6833010000159e-10
PWY.7115..C4.photosynthetic.carbon.assimilation.cycle..NAD.ME.type	born_method	vaginal	3.12726979427728e-05	4.91528431032907e-06	578	499	4.05432502955221e-10	1.93206106346562e-09
PWY1G.0..mycothiol.biosynthesis	born_method	vaginal	1.54284586168236e-05	2.43620068751477e-06	578	95	4.84501213777452e-10	2.28070083558654e-09
PWY.6588..pyruvate.fermentation.to.acetone	born_method	vaginal	3.10194949365143e-05	4.94130376005954e-06	578	365	6.77049760974944e-10	3.14868924983528e-09
PWY.7220..adenosine.deoxyribonucleotides.de.novo.biosynthesis.II	born_method	vaginal	-0.000107751253365591	1.72207913703926e-05	578	578	7.66037334827634e-10	3.47871072051138e-09
PWY.7222..guanosine.deoxyribonucleotides.de.novo.biosynthesis.II	born_method	vaginal	-0.000107751253365591	1.72207913703926e-05	578	578	7.66037334827634e-10	3.47871072051138e-09
PWY.5973..cis.vaccenate.biosynthesis	born_method	vaginal	-9.20317538564929e-05	1.48063554154649e-05	578	574	9.81136629406913e-10	4.39410996117753e-09
PWY.7323..superpathway.of.GDP.mannose.derived.O.antigen.building.blocks.biosynthesis	born_method	vaginal	3.84019251045958e-05	6.17978399563882e-06	578	385	9.90382296949339e-10	4.39410996117753e-09
PWY0.1533..methylphosphonate.degradation.I	born_method	vaginal	1.72305305109921e-05	2.77985102527221e-06	578	205	1.08790742049232e-09	4.77195754897767e-09
KETOGLUCONMET.PWY..ketogluconate.metabolism	born_method	vaginal	4.77359853385054e-05	7.73709537636532e-06	578	387	1.28954149585327e-09	5.59284289212767e-09
PWY0.845..superpathway.of.pyridoxal.5..phosphate.biosynthesis.and.salvage	born_method	vaginal	5.3937154259603e-05	8.77741968403222e-06	578	465	1.49323609677195e-09	6.40432370393303e-09
PWY.5392..reductive.TCA.cycle.II	born_method	vaginal	1.49223984004908e-05	2.43313425340422e-06	578	118	1.60288616564965e-09	6.79905560374469e-09
PWY0.781..aspartate.superpathway	born_method	vaginal	5.35164568647532e-05	8.78301137478674e-06	578	493	2.02623855624729e-09	8.50139220338535e-09
PWY.821..superpathway.of.sulfur.amino.acid.biosynthesis..Saccharomyces.cerevisiae.	born_method	vaginal	2.92616070552711e-05	4.81215946226805e-06	578	517	2.17928963024727e-09	9.04522362661769e-09
PWY.5173..superpathway.of.acetyl.CoA.biosynthesis	born_method	vaginal	-7.16846577703682e-05	1.18574512859219e-05	578	573	2.67769519978298e-09	1.09956419905982e-08
PWY.6737..starch.degradation.V	born_method	vaginal	0.000110397911453632	1.829049190055e-05	578	573	2.83390531840054e-09	1.15146047673959e-08
PWY.7235..superpathway.of.ubiquinol.6.biosynthesis..eukaryotic.	born_method	vaginal	1.49302827803528e-05	2.48005785767202e-06	578	63	3.10449349786194e-09	1.22560355608072e-08
PWY.5871..ubiquinol.9.biosynthesis..eukaryotic.	born_method	vaginal	1.48458127898172e-05	2.4661885946465e-06	578	61	3.11163597139664e-09	1.22560355608072e-08
PWY.5873..ubiquinol.7.biosynthesis..eukaryotic.	born_method	vaginal	1.48458127898172e-05	2.4661885946465e-06	578	61	3.11163597139664e-09	1.22560355608072e-08
PWY.5870..ubiquinol.8.biosynthesis..eukaryotic.	born_method	vaginal	1.47636464285218e-05	2.45826293610222e-06	578	58	3.37544720510414e-09	1.31608345572747e-08
PWY.5138..unsaturated..even.numbered.fatty.acid..beta..oxidation	born_method	vaginal	-6.06001302141244e-05	1.01091027619415e-05	578	482	3.60001140472501e-09	1.38960440222385e-08
ARGININE.SYN4.PWY..L.ornithine.de.novo..biosynthesis	born_method	vaginal	3.97182868171626e-05	6.65100058429388e-06	578	559	4.10813132109418e-09	1.57003830687362e-08
PWY.7117..C4.photosynthetic.carbon.assimilation.cycle..PEPCK.type	born_method	vaginal	6.04676652073403e-05	1.01414725219781e-05	578	559	4.33610596967669e-09	1.64091853362275e-08
PWY.7616..methanol.oxidation.to.carbon.dioxide	born_method	vaginal	1.41346808347858e-05	2.38588781541303e-06	578	116	5.39904654005688e-09	2.023332004332e-08
ALLANTOINDEG.PWY..superpathway.of.allantoin.degradation.in.yeast	born_method	vaginal	1.60612588144134e-05	2.72164746693983e-06	578	87	6.15843446092727e-09	2.28572663645955e-08
PWY.6317..galactose.degradation.I..Leloir.pathway.	born_method	vaginal	-7.52204450668565e-05	1.27806206494213e-05	578	571	6.73953869596234e-09	2.4775827968014e-08
CENTFERM.PWY..pyruvate.fermentation.to.butanoate	born_method	vaginal	1.59103314403159e-05	2.70534912612119e-06	578	121	6.91248214342050e-09	2.51718689373614e-08
PWY.6549..L.glutamine.biosynthesis.III	born_method	vaginal	1.69231105552916e-05	2.88334089472615e-06	578	273	7.39265078303423e-09	2.66688149743104e-08
PWY.6163..chorismate.biosynthesis.from.3.dehydroquinate	born_method	vaginal	-5.50788108601715e-05	9.43880274021609e-06	578	578	8.96189874842906e-09	3.20304899712372e-08
PWY.6590..superpathway.of.Clostridium.acetobutylicum.acidogenic.fermentation	born_method	vaginal	1.6077151848481e-05	2.76179559788223e-06	578	121	9.70556676674535e-09	3.43701722198505e-08
PWY.5659..GDP.mannose.biosynthesis	born_method	vaginal	-6.08704858354976e-05	1.04688851912867e-05	578	572	1.00883776869396e-08	3.51699249431504e-08
PWY.6895..superpathway.of.thiamin.diphosphate.biosynthesis.II	born_method	vaginal	3.42744620792812e-05	5.89518441968958e-06	578	425	1.01136312660355e-08	3.51699249431504e-08
THISYN.PWY..superpathway.of.thiamin.diphosphate.biosynthesis.I	born_method	vaginal	3.70670319574285e-05	6.4019439728065e-06	578	472	1.157906619613e-08	3.9906424568805e-08
PWY.181..photorespiration	born_method	vaginal	1.61934058902278e-05	2.80014448421983e-06	578	110	1.20374271292675e-08	4.11189988663475e-08
PWY0.1415..superpathway.of.heme.biosynthesis.from.uroporphyrinogen.III	born_method	vaginal	2.64946543060947e-05	4.71356394833717e-06	578	432	2.96194478249965e-08	1.00290411056567e-07
PWY.5265..peptidoglycan.biosynthesis.II..staphylococci.	born_method	vaginal	-7.79017373908486e-05	1.39134672025397e-05	578	532	3.33991634612918e-08	1.12105018226597e-07
PWY.621..sucrose.degradation.III..sucrose.invertase.	born_method	vaginal	-8.87823766635663e-05	1.58739721131679e-05	578	573	3.45249840849296e-08	1.14884860834335e-07
PWY0.1061..superpathway.of.L.alanine.biosynthesis	born_method	vaginal	7.46053527418608e-05	1.34237963681547e-05	578	527	4.18396557697331e-08	1.38035103650572e-07
PWY.5188..tetrapyrrole.biosynthesis.I..from.glutamate.	born_method	vaginal	-5.16217022015132e-05	9.33507729653365e-06	578	569	4.86571764655237e-08	1.59166695895696e-07
ARO.PWY..chorismate.biosynthesis.I	born_method	vaginal	-5.13703448803522e-05	9.30050059817677e-06	578	578	5.03898128998604e-08	1.63449309070135e-07
PWY.5676..acetyl.CoA.fermentation.to.butanoate.II	born_method	vaginal	2.11964181546955e-05	3.86322568588475e-06	578	339	6.14101636493512e-08	1.97536026405413e-07
PWY.5861..superpathway.of.demethylmenaquinol.8.biosynthesis	born_method	vaginal	3.42168142872972e-05	6.25938243162377e-06	578	458	6.84556995197411e-08	2.18379338963802e-07
PWY0.881..superpathway.of.fatty.acid.biosynthesis.I..E..coli.	born_method	vaginal	3.49151791139532e-05	6.3968217341986e-06	578	287	7.15591064075103e-08	2.26408320272943e-07
PWY.5838..superpathway.of.menaquinol.8.biosynthesis.I	born_method	vaginal	3.61881949050106e-05	6.63669038879721e-06	578	458	7.36807424956954e-08	2.31225744742589e-07
HSERMETANA.PWY..L.methionine.biosynthesis.III	born_method	vaginal	8.56165524491078e-05	1.57870311870172e-05	578	559	8.62555323752427e-08	2.68505124974546e-07
COMPLETE.ARO.PWY..superpathway.of.aromatic.amino.acid.biosynthesis	born_method	vaginal	-5.25929427372876e-05	9.71755538349055e-06	578	577	9.14842098258096e-08	2.80621749901128e-07
PWY.7385..1.3.propanediol.biosynthesis..engineered.	born_method	vaginal	1.5468020714772e-05	2.85814140112866e-06	578	169	9.1601918361508e-08	2.80621749901128e-07
PWY.6353..purine.nucleotides.degradation.II..aerobic.	born_method	vaginal	5.71410137028777e-05	1.0610409890557e-05	578	366	1.05449955281512e-07	3.20501438887115e-07
PYRIDOXSYN.PWY..pyridoxal.5..phosphate.biosynthesis.I	born_method	vaginal	4.16011791151024e-05	7.76696902605489e-06	578	465	1.23035345467792e-07	3.7102846367631e-07
PWY.7204..pyridoxal.5..phosphate.salvage.II..plants.	born_method	vaginal	2.71033101253883e-05	5.0802511669972e-06	578	335	1.37500828009513e-07	4.11436586136993e-07
PWY.7219..adenosine.ribonucleotides.de.novo.biosynthesis	born_method	vaginal	-8.21711634415696e-05	1.54172114485817e-05	578	578	1.41305876149278e-07	4.19569755335547e-07
PWYG.321..mycolate.biosynthesis	born_method	vaginal	6.90772367624914e-05	1.29668487011728e-05	578	417	1.43257258355401e-07	4.2211680706248e-07
UDPNACETYLGALSYN.PWY..UDP.N.acetyl.D.glucosamine.biosynthesis.II	born_method	vaginal	1.47369483418494e-05	2.76908843857746e-06	578	100	1.4726970193765e-07	4.30652310211613e-07
PWY.5178..toluene.degradation.IV..aerobic...via.catechol.	born_method	vaginal	1.32834256660371e-05	2.50297206214144e-06	578	74	1.59204795742356e-07	4.62053016214657e-07
HEME.BIOSYNTHESIS.II..heme.biosynthesis.I..aerobic.	born_method	vaginal	-4.23454329472111e-05	8.03404219283669e-06	578	564	1.92379024841229e-07	5.541664446919e-07
PWY.6901..superpathway.of.glucose.and.xylose.degradation	born_method	vaginal	4.15580736768351e-05	7.88909335007626e-06	578	535	1.95363268548519e-07	5.58594234516507e-07
DTDPRHAMSYN.PWY..dTDP.L.rhamnose.biosynthesis.I	born_method	vaginal	0.000102438540662185	1.95079143851675e-05	578	573	2.13001804013903e-07	6.04549237862988e-07
GALACTUROCAT.PWY..D.galacturonate.degradation.I	born_method	vaginal	2.93422734420664e-05	5.626287072871e-06	578	415	2.56428718449236e-07	7.22492593586899e-07
PWY.6531..mannitol.cycle	born_method	vaginal	3.53790139039406e-05	6.79321806424708e-06	578	362	2.66140136598005e-07	7.44420961788623e-07
PWY.724..superpathway.of.L.lysine..L.threonine.and.L.methionine.biosynthesis.II	born_method	vaginal	7.33068503438926e-05	1.41754559689261e-05	578	571	3.21102523555344e-07	8.91694777642899e-07
PWY.7663..gondoate.biosynthesis..anaerobic.	born_method	vaginal	-7.55445561841218e-05	1.46366542897118e-05	578	577	3.38052005916107e-07	9.3205767345441e-07
UDPNAGSYN.PWY..UDP.N.acetyl.D.glucosamine.biosynthesis.I	born_method	vaginal	-6.96278443410695e-05	1.35701611987721e-05	578	577	3.94613634632e-07	1.08028980828335e-06
PWY.922..mevalonate.pathway.I	born_method	vaginal	-4.11457305290371e-05	8.04926499692475e-06	578	497	4.35010668739676e-07	1.18249378967264e-06
HISTSYN.PWY..L.histidine.biosynthesis	born_method	vaginal	7.29764033126144e-05	1.44194938782604e-05	578	572	5.61982100813643e-07	1.51695867772074e-06
PWY0.1479..tRNA.processing	born_method	vaginal	4.1199122500403e-05	8.21843901548086e-06	578	512	7.14267940987795e-07	1.91463489737006e-06
PWY.6113..superpathway.of.mycolate.biosynthesis	born_method	vaginal	4.69866573277409e-05	9.4287772066365e-06	578	338	8.2778947248983e-07	2.20363266469707e-06
CALVIN.PWY..Calvin.Benson.Bassham.cycle	born_method	vaginal	-5.04014263720401e-05	1.01946761873296e-05	578	571	1.00577317870262e-06	2.6590989519124e-06
P621.PWY..nylon.6.oligomer.degradation	born_method	vaginal	1.4137057083671e-05	2.94070369810244e-06	578	165	1.95411720220496e-06	5.1312193200756e-06
PWY.3841..folate.transformations.II	born_method	vaginal	-6.47390737275787e-05	1.34730487551163e-05	578	578	1.97576524479338e-06	5.14571060933087e-06
PWY.6859..all.trans.farnesol.biosynthesis	born_method	vaginal	-4.57723498665097e-05	9.52801947874694e-06	578	558	1.98629761862772e-06	5.14571060933087e-06
PWY.5097..L.lysine.biosynthesis.VI	born_method	vaginal	7.74170734239107e-05	1.6166060462353e-05	578	572	2.13562217041793e-06	5.49566771854215e-06
PWY.7200..superpathway.of.pyrimidine.deoxyribonucleoside.salvage	born_method	vaginal	-5.41587410522019e-05	1.13312017418542e-05	578	440	2.23235052230689e-06	5.70653842126133e-06
PWY.5022..4.aminobutanoate.degradation.V	born_method	vaginal	2.38281903232432e-05	5.04596730953709e-06	578	336	2.93336869114347e-06	7.44921259724591e-06
PWY.6545..pyrimidine.deoxyribonucleotides.de.novo.biosynthesis.III	born_method	vaginal	-4.11547849253261e-05	8.75424910432369e-06	578	408	3.24097136806849e-06	8.17656828806823e-06
PWY.6121..5.aminoimidazole.ribonucleotide.biosynthesis.I	born_method	vaginal	-6.15205670359097e-05	1.31146832838049e-05	578	578	3.3997844581969e-06	8.52153766794807e-06
PWY.7198..pyrimidine.deoxyribonucleotides.de.novo.biosynthesis.IV	born_method	vaginal	4.59233683976788e-05	9.887771535987e-06	578	495	4.2280098144936e-06	1.05291083122228e-05
P125.PWY..superpathway.of..R.R..butanediol.biosynthesis	born_method	vaginal	-5.44983563793381e-05	1.17651174508145e-05	578	524	4.47679888252593e-06	1.10772074913783e-05
PWY.6703..preQ0.biosynthesis	born_method	vaginal	-5.38405631234776e-05	1.16816320427885e-05	578	574	4.98659495293734e-06	1.22600359989415e-05
PWY.1042..glycolysis.IV..plant.cytosol.	born_method	vaginal	-7.5478974082615e-05	1.64750926872545e-05	578	574	5.66550719242859e-06	1.37539985929399e-05
GLUTORN.PWY..L.ornithine.biosynthesis	born_method	vaginal	5.9929595228918e-05	1.307956143367e-05	578	571	5.65172372358563e-06	1.37539985929399e-05
URSIN.PWY..ureide.biosynthesis	born_method	vaginal	1.33972819829915e-05	2.9552797872831e-06	578	73	7.06500863491819e-06	1.70443333317401e-05
HCAMHPDEG.PWY..3.phenylpropanoate.and.3..3.hydroxyphenyl.propanoate.degradation.to.2.oxopent.4.enoate	born_method	vaginal	1.99490239167412e-05	4.4043149369921e-06	578	268	7.19243678419939e-06	1.71375345598825e-05
PWY.6690..cinnamate.and.3.hydroxycinnamate.degradation.to.2.oxopent.4.enoate	born_method	vaginal	1.99490239167412e-05	4.4043149369921e-06	578	268	7.19243678419939e-06	1.71375345598825e-05
PWY.5910..superpathway.of.geranylgeranyldiphosphate.biosynthesis.I..via.mevalonate.	born_method	vaginal	-3.36411765161767e-05	7.43369122837872e-06	578	469	7.32258718881201e-06	1.73406052446714e-05
PWY.5913..TCA.cycle.VI..obligate.autotrophs.	born_method	vaginal	7.19308219628246e-05	1.62172987322168e-05	578	557	1.10087936125017e-05	2.5910941063571e-05
PWY.6471..peptidoglycan.biosynthesis.IV..Enterococcus.faecium.	born_method	vaginal	-5.99702972059749e-05	1.36549550806428e-05	578	565	1.33776617412292e-05	3.12956208006937e-05
PWY.5415..catechol.degradation.I..meta.cleavage.pathway.	born_method	vaginal	1.21900851745702e-05	2.7790366907852e-06	578	270	1.37023831762731e-05	3.18621681086833e-05
PWY.5367..petroselinate.biosynthesis	born_method	vaginal	-6.7491177070694e-05	1.54945402996067e-05	578	474	1.5695744264779e-05	3.62787861449382e-05
PWY.7187..pyrimidine.deoxyribonucleotides.de.novo.biosynthesis.II	born_method	vaginal	-4.9885053860856e-05	1.15121736496996e-05	578	573	1.73376118370488e-05	3.98352271970288e-05
PWY.5675..nitrate.reduction.V..assimilatory.	born_method	vaginal	3.22335163771706e-05	7.44595105119707e-06	578	464	1.76643219668541e-05	4.03457294627554e-05
PWY66.400..glycolysis.VI..metazoan.	born_method	vaginal	-5.46535726929463e-05	1.2656714298655e-05	578	574	1.85264825295845e-05	4.20660132730566e-05
PWY4FS.7..phosphatidylglycerol.biosynthesis.I..plastidic.	born_method	vaginal	-4.7996311392151e-05	1.1281100055615e-05	578	559	2.44431232555073e-05	5.51757051264667e-05
PWY.5941..glycogen.degradation.II..eukaryotic.	born_method	vaginal	2.25996784113169e-05	5.32332844090051e-06	578	119	2.54331403287149e-05	5.70766986446741e-05
ARGORNPROST.PWY..arginine..ornithine.and.proline.interconversion	born_method	vaginal	-3.85202766597639e-05	9.12526313601606e-06	578	400	2.82225797112399e-05	6.26087113134402e-05
PWY.7196..superpathway.of.pyrimidine.ribonucleosides.salvage	born_method	vaginal	2.3253076860851e-05	5.50696770225984e-06	578	209	2.8076664090265e-05	6.26087113134402e-05
PWY.6122..5.aminoimidazole.ribonucleotide.biosynthesis.II	born_method	vaginal	-5.72769207870256e-05	1.36188575378093e-05	578	578	3.01753736535327e-05	6.61800808537707e-05
PWY.6277..superpathway.of.5.aminoimidazole.ribonucleotide.biosynthesis	born_method	vaginal	-5.72769207870256e-05	1.36188575378093e-05	578	578	3.01753736535327e-05	6.61800808537707e-05
PWY.6891..thiazole.biosynthesis.II..Bacillus.	born_method	vaginal	2.79305467985279e-05	6.65773176207123e-06	578	439	3.1564395368332e-05	6.88353480913907e-05
PWY4FS.8..phosphatidylglycerol.biosynthesis.II..non.plastidic.	born_method	vaginal	-4.71551699564027e-05	1.12829800499296e-05	578	559	3.37817791398406e-05	7.32571165616768e-05
FUC.RHAMCAT.PWY..superpathway.of.fucose.and.rhamnose.degradation	born_method	vaginal	2.67257149096387e-05	6.48381263584222e-06	578	405	4.3095949138507e-05	9.2933164064043e-05
PWY0.1277..3.phenylpropanoate.and.3..3.hydroxyphenyl.propanoate.degradation	born_method	vaginal	2.05186454338251e-05	4.98455548493513e-06	578	266	4.41008511495876e-05	9.45718252430045e-05
PWY66.367..ketogenesis	born_method	vaginal	1.15856016137813e-05	2.82112324091008e-06	578	59	4.59402597594746e-05	9.79720456749016e-05
PWY.5845..superpathway.of.menaquinol.9.biosynthesis	born_method	vaginal	2.5596012054239e-05	6.27911736256562e-06	578	409	5.21736571262696e-05	0.000110654020059011
ENTBACSYN.PWY..enterobactin.biosynthesis	born_method	vaginal	3.3364023517657e-05	8.2006908948836e-06	578	338	5.39295469650698e-05	0.000113753033489164
PWY.4041...gamma..glutamyl.cycle	born_method	vaginal	5.79906734707546e-05	1.42610306897844e-05	578	563	5.43964190884528e-05	0.000114114227000776
SER.GLYSYN.PWY..superpathway.of.L.serine.and.glycine.biosynthesis.I	born_method	vaginal	4.5056115764004e-05	1.11830128150154e-05	578	575	6.3533995870915e-05	0.000132562823817152
P441.PWY..superpathway.of.N.acetylneuraminate.degradation	born_method	vaginal	3.06453433566158e-05	7.62916256817174e-06	578	512	6.67929591242172e-05	0.000138613345279289
P23.PWY..reductive.TCA.cycle.I	born_method	vaginal	1.1068356331195e-05	2.76145229833397e-06	578	313	6.92325713955296e-05	0.000142907874645318
ILEUSYN.PWY..L.isoleucine.biosynthesis.I..from.threonine.	born_method	vaginal	7.29219630684544e-05	1.8573986078648e-05	578	576	9.68116216470483e-05	0.000198005589700122
VALSYN.PWY..L.valine.biosynthesis	born_method	vaginal	7.2912308889954e-05	1.8573208248844e-05	578	577	9.6950923454205e-05	0.000198005589700122
PWY0.862...5Z..dodec.5.enoate.biosynthesis	born_method	vaginal	-5.67572153334871e-05	1.45085891350062e-05	578	569	0.000102467227144934	0.000208170261462866
PWY.4361..S.methyl.5.thio..alpha..D.ribose.1.phosphate.degradation	born_method	vaginal	1.03107903271916e-05	2.63711125721276e-06	578	60	0.000103335732908974	0.000208835564936461
PWY.1269..CMP.3.deoxy.D.manno.octulosonate.biosynthesis.I	born_method	vaginal	2.98483093030798e-05	7.66575794193302e-06	578	498	0.000110281248176185	0.000221711259354206
PWY.5862..superpathway.of.demethylmenaquinol.9.biosynthesis	born_method	vaginal	2.20637874718105e-05	5.76290926267502e-06	578	409	0.000143006274483362	0.000286012548966723
PWY.5345..superpathway.of.L.methionine.biosynthesis..by.sulfhydrylation.	born_method	vaginal	3.04482138887408e-05	7.96076868774295e-06	578	541	0.000145175171607436	0.000288853691961188
PANTOSYN.PWY..pantothenate.and.coenzyme.A.biosynthesis.I	born_method	vaginal	-3.94578094816036e-05	1.03537872495089e-05	578	574	0.000153329312532377	0.000303513408397424
CITRULBIO.PWY..L.citrulline.biosynthesis	born_method	vaginal	2.86398840443882e-05	7.64749239695887e-06	578	565	0.000198521737225361	0.000390966278413211
P164.PWY..purine.nucleobases.degradation.I..anaerobic.	born_method	vaginal	-3.57236195502832e-05	9.57451672052253e-06	578	348	0.000209518156784321	0.000410527962024101
FUCCAT.PWY..fucose.degradation	born_method	vaginal	2.27211124511598e-05	6.13874304687427e-06	578	425	0.000235122693127745	0.000458370502764189
PWY.5918..superpathay.of.heme.biosynthesis.from.glutamate	born_method	vaginal	-2.70208123219658e-05	7.33139330270933e-06	578	550	0.000249680018540849	0.000484303955561646
PWY.6892..thiazole.biosynthesis.I..E..coli.	born_method	vaginal	3.10684474404138e-05	8.45116125208884e-06	578	490	0.00025883384718698	0.000499549325070871
PWY.7210..pyrimidine.deoxyribonucleotides.biosynthesis.from.CTP	born_method	vaginal	-3.11483920186319e-05	8.50751565514043e-06	578	343	0.000274054555861004	0.000526293823693272
P42.PWY..incomplete.reductive.TCA.cycle	born_method	vaginal	-2.65521181758253e-05	7.26448645404073e-06	578	521	0.000280631266854186	0.000536255787157008
PWY.7211..superpathway.of.pyrimidine.deoxyribonucleotides.de.novo.biosynthesis	born_method	vaginal	-2.8898831945882e-05	8.05784787003742e-06	578	381	0.000363727613419576	0.000691619993989933
PWY.5989..stearate.biosynthesis.II..bacteria.and.plants.	born_method	vaginal	3.38851854439878e-05	9.5793448941385e-06	578	551	0.000436773084494849	0.000826443189289273
PWY.5850..superpathway.of.menaquinol.6.biosynthesis.I	born_method	vaginal	2.20767961543593e-05	6.2828392322703e-06	578	388	0.000476383186755633	0.000892640340231429
PWY.5896..superpathway.of.menaquinol.10.biosynthesis	born_method	vaginal	2.20767961543593e-05	6.2828392322703e-06	578	388	0.000476383186755633	0.000892640340231429
GLYCOLYSIS.TCA.GLYOX.BYPASS..superpathway.of.glycolysis..pyruvate.dehydrogenase..TCA..and.glyoxylate.bypass	born_method	vaginal	3.37001586778298e-05	9.64404162646166e-06	578	411	0.000511642017192526	0.000954076418532924
PWY.5005..biotin.biosynthesis.II	born_method	vaginal	-2.42419536589167e-05	6.98833213916254e-06	578	442	0.000561608974376707	0.00104221665437216
COBALSYN.PWY..adenosylcobalamin.salvage.from.cobinamide.I	born_method	vaginal	2.32771689246328e-05	6.75582434112242e-06	578	470	0.000611517466863939	0.00112940546511713
ORNDEG.PWY..superpathway.of.ornithine.degradation	born_method	vaginal	3.10666415427161e-05	9.03247919207895e-06	578	280	0.000625087398928665	0.00114897017136412
BRANCHED.CHAIN.AA.SYN.PWY..superpathway.of.branched.amino.acid.biosynthesis	born_method	vaginal	5.91796071018391e-05	1.7306861141565e-05	578	576	0.000671910339813866	0.00122918194866423
TCA..TCA.cycle.I..prokaryotic.	born_method	vaginal	3.46607256711204e-05	1.01620647352984e-05	578	536	0.00069311232736809	0.00126198753945322
PWY.6147..6.hydroxymethyl.dihydropterin.diphosphate.biosynthesis.I	born_method	vaginal	-4.45972438058004e-05	1.31484347601394e-05	578	572	0.00074189009717707	0.00134445811037723
ARG.POLYAMINE.SYN..superpathway.of.arginine.and.polyamine.biosynthesis	born_method	vaginal	2.78757687392632e-05	8.35507341118622e-06	578	444	0.000903414218304688	0.00162952284236266
THREOCAT.PWY..superpathway.of.L.threonine.metabolism	born_method	vaginal	1.04987733302629e-05	3.15888567396764e-06	578	134	0.000945149804511382	0.00169687360251811
PWY.5104..L.isoleucine.biosynthesis.IV	born_method	vaginal	-3.78223345860681e-05	1.14234360802126e-05	578	559	0.000988001451811712	0.00176335781278444
PWY.7391..isoprene.biosynthesis.II..engineered.	born_method	vaginal	-2.39774510753917e-05	7.24397318407048e-06	578	321	0.000991317734130112	0.00176335781278444
PWY.5860..superpathway.of.demethylmenaquinol.6.biosynthesis.I	born_method	vaginal	1.89804826644746e-05	5.76306954729016e-06	578	388	0.00105028542464262	0.00185967969684428
PWY.6595..superpathway.of.guanosine.nucleotides.degradation..plants.	born_method	vaginal	-3.86358281210825e-05	1.1804739303438e-05	578	496	0.00112822176364151	0.00198855525463755
X3.HYDROXYPHENYLACETATE.DEGRADATION.PWY..4.hydroxyphenylacetate.degradation	born_method	vaginal	9.78020634613862e-06	2.99083804224059e-06	578	206	0.00113944978305923	0.00199921643754939
DENITRIFICATION.PWY..nitrate.reduction.I..denitrification.	born_method	vaginal	1.00435521094174e-05	3.07957802485785e-06	578	134	0.00117439631638274	0.00205120804580877
PWY.7237..myo...chiro..and.scillo.inositol.degradation	born_method	vaginal	-4.29597882411457e-05	1.32071070186984e-05	578	155	0.00120969465511024	0.00210334295888537
PWY.6630..superpathway.of.L.tyrosine.biosynthesis	born_method	vaginal	2.12674396352031e-05	6.57260938086682e-06	578	405	0.00128275162226555	0.00222036827889911
CODH.PWY..reductive.acetyl.coenzyme.A.pathway	born_method	vaginal	-2.50108635996404e-05	7.73781739389042e-06	578	287	0.00129818739248824	0.00223705506026992
PWY.5103..L.isoleucine.biosynthesis.III	born_method	vaginal	5.5061295662353e-05	1.71221088408495e-05	578	576	0.00137371035236064	0.00235667642671648
PWY.7446..sulfoglycolysis	born_method	vaginal	1.20805490744836e-05	3.8534436521681e-06	578	315	0.00180607286558805	0.00308470852264154
PWY.6897..thiamin.salvage.II	born_method	vaginal	-3.19136241406788e-05	1.02768535161007e-05	578	569	0.00199371169373863	0.00339018816644542
GLYCOGENSYNTH.PWY..glycogen.biosynthesis.I..from.ADP.D.Glucose.	born_method	vaginal	4.12535358944231e-05	1.34450416693968e-05	578	568	0.00225393591945097	0.00379921076379072
PRPP.PWY..superpathway.of.histidine..purine..and.pyrimidine.biosynthesis	born_method	vaginal	2.56625969034411e-05	8.36078512541029e-06	578	421	0.00224584746347615	0.00379921076379072
PWY.7094..fatty.acid.salvage	born_method	vaginal	1.46017045735834e-05	4.77876423914609e-06	578	341	0.00235053391786724	0.00394480909694242
PWY.6628..superpathway.of.L.phenylalanine.biosynthesis	born_method	vaginal	2.37471452821226e-05	7.84241867321872e-06	578	541	0.00257162504838165	0.00429717432326978
TCA.GLYOX.BYPASS..superpathway.of.glyoxylate.bypass.and.TCA	born_method	vaginal	2.7148166500376e-05	9.09224884239434e-06	578	417	0.00294797527141248	0.0048953113390526
PWY.5791..1.4.dihydroxy.2.naphthoate.biosynthesis.II..plants.	born_method	vaginal	-1.73791807116458e-05	5.82452378221871e-06	578	536	0.00296762397237904	0.0048953113390526
PWY.5837..1.4.dihydroxy.2.naphthoate.biosynthesis.I	born_method	vaginal	-1.73791807116458e-05	5.82452378221871e-06	578	536	0.00296762397237904	0.0048953113390526
SO4ASSIM.PWY..sulfate.reduction.I..assimilatory.	born_method	vaginal	-3.34348327381048e-05	1.12502869408387e-05	578	558	0.0030831147845006	0.0050641800290095
REDCITCYC..TCA.cycle.VIII..helicobacter.	born_method	vaginal	9.5284760718727e-06	3.24760967774254e-06	578	341	0.00347952909852947	0.00569109420352702
PWY0.1319..CDP.diacylglycerol.biosynthesis.II	born_method	vaginal	-3.24259818526287e-05	1.11251647954671e-05	578	573	0.00369923672342395	0.00602491719511242
ARGDEG.PWY..superpathway.of.L.arginine..putrescine..and.4.aminobutanoate.degradation	born_method	vaginal	1.66719411096692e-05	5.75843818593856e-06	578	266	0.00393260230814742	0.00635139954370253
ORNARGDEG.PWY..superpathway.of.L.arginine.and.L.ornithine.degradation	born_method	vaginal	1.66719411096692e-05	5.75843818593856e-06	578	266	0.00393260230814742	0.00635139954370253
PWY0.1586..peptidoglycan.maturation..meso.diaminopimelate.containing.	born_method	vaginal	-7.52514458790572e-05	2.60067441117119e-05	578	575	0.00395343658130921	0.00635844383493898
P185.PWY..formaldehyde.assimilation.III..dihydroxyacetone.cycle.	born_method	vaginal	-2.00957914097284e-05	6.94828359339382e-06	578	336	0.00397010206878758	0.00635875269108716
GLCMANNANAUT.PWY..superpathway.of.N.acetylglucosamine..N.acetylmannosamine.and.N.acetylneuraminate.degradation	born_method	vaginal	2.29573534272431e-05	7.97659762644863e-06	578	560	0.0041493597184221	0.00661840021202864
PWY.5189..tetrapyrrole.biosynthesis.II..from.glycine.	born_method	vaginal	-1.95835501554304e-05	6.8390748638822e-06	578	553	0.0043427343707326	0.00689833525556701
PWY.5667..CDP.diacylglycerol.biosynthesis.I	born_method	vaginal	-3.10461413330506e-05	1.11029448541263e-05	578	572	0.00534320648347217	0.00845277746975516
GALACTARDEG.PWY..D.galactarate.degradation.I	born_method	vaginal	3.13627632734819e-05	1.12923259197617e-05	578	396	0.00565885540116106	0.00887934221482996
GLUCARGALACTSUPER.PWY..superpathway.of.D.glucarate.and.D.galactarate.degradation	born_method	vaginal	3.13627632734819e-05	1.12923259197617e-05	578	396	0.00565885540116106	0.00887934221482996
GLUCARDEG.PWY..D.glucarate.degradation.I	born_method	vaginal	1.85831520913295e-05	6.72038480063188e-06	578	389	0.00587126615192837	0.00917533900665729
PWY.6527..stachyose.degradation	born_method	vaginal	2.88337040562592e-05	1.04882205922878e-05	578	552	0.00616247086479368	0.00959158771697726
PWY.7111..pyruvate.fermentation.to.isobutanol..engineered.	born_method	vaginal	5.65965582731139e-05	2.06531786628951e-05	578	577	0.00632808246925966	0.00977055933253692
PWY.7013..L.1.2.propanediol.degradation	born_method	vaginal	-4.30111969776624e-05	1.56915511848962e-05	578	301	0.00631460035683056	0.00977055933253692
PWY66.422..D.galactose.degradation.V..Leloir.pathway.	born_method	vaginal	-3.61479666476967e-05	1.31986844331355e-05	578	575	0.00635810189168025	0.00977779812824134
PPGPPMET.PWY..ppGpp.biosynthesis	born_method	vaginal	-1.40993958583155e-05	5.18230421868414e-06	578	483	0.00671160754085061	0.0102804782173347
PWY.3001..superpathway.of.L.isoleucine.biosynthesis.I	born_method	vaginal	4.19779333406919e-05	1.54821730015298e-05	578	576	0.00690049543421521	0.0105280286071426
GLYCOLYSIS.E.D..superpathway.of.glycolysis.and.Entner.Doudoroff	born_method	vaginal	2.22025536703001e-05	8.23347099165174e-06	578	481	0.00720963358412574	0.010956372297136
ARGSYNBSUB.PWY..L.arginine.biosynthesis.II..acetyl.cycle.	born_method	vaginal	4.08350465598743e-05	1.53926633158817e-05	578	571	0.00820069063747718	0.0124135944551615
P161.PWY..acetylene.degradation	born_method	vaginal	-2.60095068463541e-05	9.98569244237961e-06	578	529	0.00943351928518668	0.0142239782971955
PWY.1861..formaldehyde.assimilation.II..RuMP.Cycle.	born_method	vaginal	-3.23685297715207e-05	1.24931534960354e-05	578	537	0.00981498760421084	0.0147415767129392
PWY.6470..peptidoglycan.biosynthesis.V...beta..lactam.resistance.	born_method	vaginal	1.61654316464083e-05	6.25544836761868e-06	578	160	0.0100050268287271	0.014968761069336
GOLPDLCAT.PWY..superpathway.of.glycerol.degradation.to.1.3.propanediol	born_method	vaginal	-1.85736184410753e-05	7.28878596848103e-06	578	279	0.0110850637098207	0.0165205968802734
PWY.5028..L.histidine.degradation.II	born_method	vaginal	8.40589694829429e-06	3.31233686212752e-06	578	102	0.011419062368756	0.0169529156705377
BIOTIN.BIOSYNTHESIS.PWY..biotin.biosynthesis.I	born_method	vaginal	2.1169367481717e-05	8.35439021368144e-06	578	497	0.0115432992147391	0.017071699221798
PWY.5030..L.histidine.degradation.III	born_method	vaginal	1.65871078563693e-05	6.61196299940708e-06	578	379	0.0123929116797532	0.0182582591923081
P105.PWY..TCA.cycle.IV..2.oxoglutarate.decarboxylase.	born_method	vaginal	2.05141997174779e-05	8.23158539120469e-06	578	375	0.0129778761251296	0.0190473771266161
PWY.7279..aerobic.respiration.II..cytochrome.c...yeast.	born_method	vaginal	9.44452579021729e-06	3.79224833414418e-06	578	181	0.0130376448857115	0.0190626171435024
PWY.5180..toluene.degradation.I..aerobic...via.o.cresol.	born_method	vaginal	1.13512622243772e-05	4.58187964435889e-06	578	231	0.0135191728425492	0.0196180478091128
PWY.5182..toluene.degradation.II..aerobic...via.4.methylcatechol.	born_method	vaginal	1.13512622243772e-05	4.58187964435889e-06	578	231	0.0135191728425492	0.0196180478091128
PWY.6386..UDP.N.acetylmuramoyl.pentapeptide.biosynthesis.II..lysine.containing.	born_method	vaginal	-3.51115254475946e-05	1.41909005760414e-05	578	578	0.0136394357175212	0.0197184351571654
PWY.6305..putrescine.biosynthesis.IV	born_method	vaginal	2.80416549934395e-05	1.14272674107462e-05	578	486	0.0144256347217557	0.0207772201589466
PWY.6519..8.amino.7.oxononanoate.biosynthesis.I	born_method	vaginal	2.28308335491502e-05	9.3663720663798e-06	578	497	0.0150893665287165	0.0216523995542177
PWY.5897..superpathway.of.menaquinol.11.biosynthesis	born_method	vaginal	1.49322303596509e-05	6.15432362217115e-06	578	535	0.0155596224148248	0.0220809347504498
PWY.5898..superpathway.of.menaquinol.12.biosynthesis	born_method	vaginal	1.49322303596509e-05	6.15432362217115e-06	578	535	0.0155596224148248	0.0220809347504498
PWY.5899..superpathway.of.menaquinol.13.biosynthesis	born_method	vaginal	1.49322303596509e-05	6.15432362217115e-06	578	535	0.0155596224148248	0.0220809347504498
PANTO.PWY..phosphopantothenate.biosynthesis.I	born_method	vaginal	-2.64749359794436e-05	1.09311490370857e-05	578	576	0.0157441989538132	0.0222610285574063
POLYAMSYN.PWY..superpathway.of.polyamine.biosynthesis.I	born_method	vaginal	1.9969214914978e-05	8.26788309948274e-06	578	444	0.0160336399677927	0.0225875365969634
PWY.6969..TCA.cycle.V..2.oxoglutarate.ferredoxin.oxidoreductase.	born_method	vaginal	2.02608243673608e-05	8.57738507739693e-06	578	424	0.0185023241208388	0.0259131068622199
PWY.6803..phosphatidylcholine.acyl.editing	born_method	vaginal	1.58125697945947e-05	6.69572712194496e-06	578	411	0.0185285427304992	0.0259131068622199
PHOSLIPSYN.PWY..superpathway.of.phospholipid.biosynthesis.I..bacteria.	born_method	vaginal	2.15077415704928e-05	9.12259789892909e-06	578	519	0.0187252813317613	0.0260937133359562
NAGLIPASYN.PWY..lipid.IVA.biosynthesis	born_method	vaginal	1.58351306916989e-05	6.74474996948875e-06	578	486	0.0192235158261203	0.0266916442765555
PWY.561..superpathway.of.glyoxylate.cycle.and.fatty.acid.degradation	born_method	vaginal	1.76791991282585e-05	7.54068774144701e-06	578	369	0.0193909444219647	0.0268276148633633
TEICHOICACID.PWY..teichoic.acid..poly.glycerol..biosynthesis	born_method	vaginal	-2.25462800489914e-05	9.67666963372966e-06	578	526	0.0201526920186201	0.0277819254256692
PWY.5464..superpathway.of.cytosolic.glycolysis..plants...pyruvate.dehydrogenase.and.TCA.cycle	born_method	vaginal	7.96455982813116e-06	3.46481590485191e-06	578	149	0.0218793356224943	0.0300548880792982
PWY.7383..anaerobic.energy.metabolism..invertebrates..cytosol.	born_method	vaginal	7.49163617611787e-06	3.30925795629012e-06	578	170	0.0239549677929349	0.0327894240002584
PWY.7400..L.arginine.biosynthesis.IV..archaebacteria.	born_method	vaginal	3.35799389206596e-05	1.48839959641131e-05	578	570	0.02443791449735	0.0333322791377283
GLYOXYLATE.BYPASS..glyoxylate.cycle	born_method	vaginal	1.60083289567042e-05	7.11530856001729e-06	578	420	0.0248355933605852	0.0337554191450207
PWY.6387..UDP.N.acetylmuramoyl.pentapeptide.biosynthesis.I..meso.diaminopimelate.containing.	born_method	vaginal	-2.93742364427407e-05	1.31379093120617e-05	578	578	0.0257446449891876	0.0348576905385048
PWY.7254..TCA.cycle.VII..acetate.producers.	born_method	vaginal	2.01832505524362e-05	9.03220448785587e-06	578	398	0.0258272007616901	0.0348576905385048
ARGSYN.PWY..L.arginine.biosynthesis.I..via.L.ornithine.	born_method	vaginal	3.23865276707704e-05	1.48819603311835e-05	578	570	0.0299438753602843	0.040272947348675
X1CMET2.PWY..N10.formyl.tetrahydrofolate.biosynthesis	born_method	vaginal	-2.62525283212403e-05	1.22019609168353e-05	578	577	0.0318517787077113	0.0426902311846408
PWY.5690..TCA.cycle.II..plants.and.fungi.	born_method	vaginal	1.83136860325345e-05	8.65290991722702e-06	578	410	0.0347324960398078	0.0463901158178747
PWY.7242..D.fructuronate.degradation	born_method	vaginal	1.70846793001308e-05	8.15834314849733e-06	578	462	0.036684335241463	0.0488281151834645
PWY4LZ.257..superpathway.of.fermentation..Chlamydomonas.reinhardtii.	born_method	vaginal	1.549196640162e-05	7.41131722494716e-06	578	480	0.0370276180285949	0.0491156720241843
PWY.5840..superpathway.of.menaquinol.7.biosynthesis	born_method	vaginal	1.1812636241044e-05	5.6852063408385e-06	578	515	0.0381715351683617	0.050459632106122
PWY.5723..Rubisco.shunt	born_method	vaginal	2.20594829855976e-05	1.07815038578626e-05	578	403	0.0412051229788208	0.0542838821495728
GLYCOLYSIS..glycolysis.I..from.glucose.6.phosphate.	born_method	vaginal	-1.9144506215554e-05	9.43992073281834e-06	578	569	0.0430162226859808	0.0564770814856755
HEMESYN2.PWY..heme.biosynthesis.II..anaerobic.	born_method	vaginal	1.1718062629368e-05	5.89124988972323e-06	578	485	0.0471669323809445	0.061716731861168
RHAMCAT.PWY..L.rhamnose.degradation.I	born_method	vaginal	-2.1190317279538e-05	1.08329418787762e-05	578	512	0.0509362927141523	0.0664236790123742
RIBOSYN2.PWY..flavin.biosynthesis.I..bacteria.and.plants.	born_method	vaginal	-2.02041857243476e-05	1.04336328224239e-05	578	573	0.0533016690175849	0.0692742230329555
PEPTIDOGLYCANSYN.PWY..peptidoglycan.biosynthesis.I..meso.diaminopimelate.containing.	born_method	vaginal	-2.49686710807408e-05	1.29970938872936e-05	578	578	0.0552127851006726	0.0715172317075826
PWY.6151..S.adenosyl.L.methionine.cycle.I	born_method	vaginal	-3.16833216676094e-05	1.65966534346661e-05	578	577	0.0567563181412463	0.0732706983361909
FOLSYN.PWY..superpathway.of.tetrahydrofolate.biosynthesis.and.salvage	born_method	vaginal	-1.58664738135493e-05	8.37271481228967e-06	578	511	0.0585900357139852	0.0753858459519943
PWY.5484..glycolysis.II..from.fructose.6.phosphate.	born_method	vaginal	-1.76471773997849e-05	9.4267738957413e-06	578	569	0.0617093395687566	0.0788735267335763
PWY.7345..superpathway.of.anaerobic.sucrose.degradation	born_method	vaginal	8.19436977505722e-06	4.3754016728177e-06	578	142	0.0615985963146097	0.0788735267335763
POLYISOPRENSYN.PWY..polyisoprenoid.biosynthesis..E..coli.	born_method	vaginal	1.0471814879499e-05	5.60626929741402e-06	578	546	0.062286937658765	0.0793490360933442
PWY.2942..L.lysine.biosynthesis.III	born_method	vaginal	2.9481566317191e-05	1.59516534067716e-05	578	578	0.065088348298166	0.0826450738259608
PWY.3801..sucrose.degradation.II..sucrose.synthase.	born_method	vaginal	8.09399315979662e-06	4.49009234651312e-06	578	142	0.0719682956585707	0.0910811872924862
FASYN.INITIAL.PWY..superpathway.of.fatty.acid.biosynthesis.initiation..E..coli.	born_method	vaginal	1.64362762735332e-05	9.2535230685647e-06	578	561	0.0762247612431805	0.0961528033982604
PWY.5920..superpathway.of.heme.biosynthesis.from.glycine	born_method	vaginal	8.02736093510473e-06	4.59089682914628e-06	578	447	0.0809034942577082	0.101722308740962
TRPSYN.PWY..L.tryptophan.biosynthesis	born_method	vaginal	-2.36587601836964e-05	1.36812719324543e-05	578	572	0.0842946294687844	0.105641970697892
PWY.7357..thiamin.formation.from.pyrithiamine.and.oxythiamine..yeast.	born_method	vaginal	-2.06614634593219e-05	1.22211795133684e-05	578	577	0.0914489535139582	0.11423720406598
PWY66.399..gluconeogenesis.III	born_method	vaginal	5.86302423670616e-06	3.51597484230069e-06	578	162	0.0959508685324707	0.119474307269464
HISDEG.PWY..L.histidine.degradation.I	born_method	vaginal	-1.49999108715962e-05	9.04859057000149e-06	578	501	0.0979211250866159	0.121535544319723
PWY0.1241..ADP.L.glycero..beta..D.manno.heptose.biosynthesis	born_method	vaginal	-7.69340395388825e-06	4.74657929897881e-06	578	497	0.105601107704145	0.130647524275
PWY.6507..4.deoxy.L.threo.hex.4.enopyranuronate.degradation	born_method	vaginal	1.26025519581728e-05	8.14332205885157e-06	578	474	0.122269436086179	0.150452450913656
P108.PWY..pyruvate.fermentation.to.propanoate.I	born_method	vaginal	5.3430109233374e-06	3.4535692339499e-06	578	338	0.122388781313181	0.150452450913656
NAD.BIOSYNTHESIS.II..NAD.salvage.pathway.II	born_method	vaginal	-1.03248842857734e-05	6.78582587413204e-06	578	532	0.128673922323165	0.157676615926164
PWY0.162..superpathway.of.pyrimidine.ribonucleotides.de.novo.biosynthesis	born_method	vaginal	-1.41455164295193e-05	9.39283571742392e-06	578	573	0.132617927498185	0.161484290265928
PWY.7003..glycerol.degradation.to.butanol	born_method	vaginal	5.40655996296341e-06	3.58871778058337e-06	578	211	0.132475876746227	0.161484290265928
PWY.6168..flavin.biosynthesis.III..fungi.	born_method	vaginal	-1.45740849112237e-05	9.74370176857703e-06	578	572	0.135268020142416	0.164193257154002
PWY.5347..superpathway.of.L.methionine.biosynthesis..transsulfuration.	born_method	vaginal	1.53378084040277e-05	1.02983235956088e-05	578	568	0.136942541980883	0.165704768666523
FAO.PWY..fatty.acid..beta..oxidation.I	born_method	vaginal	1.65171800613759e-05	1.11417346132253e-05	578	474	0.138764727144295	0.167384952117806
PENTOSE.P.PWY..pentose.phosphate.pathway	born_method	vaginal	-1.38241059985558e-05	9.64691757856674e-06	578	573	0.152398194668703	0.183257642187288
PWY.3781..aerobic.respiration.I..cytochrome.c.	born_method	vaginal	7.45430728436409e-06	5.31699540657329e-06	578	222	0.161460655382076	0.19355221421578
COA.PWY.1..coenzyme.A.biosynthesis.II..mammalian.	born_method	vaginal	-2.14492275854477e-05	1.62746326496053e-05	578	578	0.188042737415071	0.224719803845874
PROTOCATECHUATE.ORTHO.CLEAVAGE.PWY..protocatechuate.degradation.II..ortho.cleavage.pathway.	born_method	vaginal	-6.05286162179516e-06	4.68692818608381e-06	578	166	0.197070985554989	0.234782100074771
FERMENTATION.PWY..mixed.acid.fermentation	born_method	vaginal	1.39247692695893e-05	1.10200464907435e-05	578	497	0.206890066865302	0.245721740953866
PWY.6318..L.phenylalanine.degradation.IV..mammalian..via.side.chain.	born_method	vaginal	-6.01802303419298e-06	4.8149945419757e-06	578	207	0.211861765512973	0.250854728490821
PWY0.1261..anhydromuropeptides.recycling	born_method	vaginal	1.28136758370719e-05	1.04716490934108e-05	578	500	0.221583080710244	0.261562902612092
PWY.6608..guanosine.nucleotides.degradation.III	born_method	vaginal	-1.79941119091099e-05	1.49575680523796e-05	578	531	0.229466483334716	0.269222074672341
MET.SAM.PWY..superpathway.of.S.adenosyl.L.methionine.biosynthesis	born_method	vaginal	1.18500812804255e-05	9.84730564541986e-06	578	568	0.229322452444146	0.269222074672341
PWY.6282..palmitoleate.biosynthesis.I..from..5Z..dodec.5.enoate.	born_method	vaginal	1.28705531653045e-05	1.10476263708179e-05	578	558	0.244498728532447	0.285989421859165
ASPASN.PWY..superpathway.of.L.aspartate.and.L.asparagine.biosynthesis	born_method	vaginal	1.07302581106395e-05	9.41585189559156e-06	578	572	0.254928728161439	0.297288486617267
PWY.7221..guanosine.ribonucleotides.de.novo.biosynthesis	born_method	vaginal	-1.78917350247609e-05	1.58726982319168e-05	578	578	0.260126487977297	0.300999733433711
PWY.5136..fatty.acid..beta..oxidation.II..peroxisome.	born_method	vaginal	1.03543438065633e-05	9.16944733315358e-06	578	471	0.259274154045979	0.300999733433711
PWY.6606..guanosine.nucleotides.degradation.II	born_method	vaginal	-1.38030372457e-05	1.22537369788746e-05	578	524	0.260450546546268	0.300999733433711
PWY.7664..oleate.biosynthesis.IV..anaerobic.	born_method	vaginal	1.27463499258125e-05	1.14128079351987e-05	578	558	0.264525791669675	0.304796882341775
P562.PWY..myo.inositol.degradation.I	born_method	vaginal	4.36824337726543e-06	3.91776613975487e-06	578	147	0.265322609220954	0.304805140355025
PWY3DJ.35471..L.ascorbate.biosynthesis.IV	born_method	vaginal	4.51413510579854e-06	4.06382641674549e-06	578	124	0.267114027685522	0.305952565835643
PWY.7269..NAD.NADP.NADH.NADPH.mitochondrial.interconversion..yeast.	born_method	vaginal	4.64495102072717e-06	4.27113700689518e-06	578	298	0.277261493590347	0.316635906881284
FASYN.ELONG.PWY..fatty.acid.elongation....saturated	born_method	vaginal	1.27514807702798e-05	1.1926744608672e-05	578	559	0.285449856476507	0.325025500294784
THRESYN.PWY..superpathway.of.L.threonine.biosynthesis	born_method	vaginal	1.44674920609771e-05	1.372515094584e-05	578	577	0.292285410844345	0.331829907605638
PWY.5971..palmitate.biosynthesis.II..bacteria.and.plants.	born_method	vaginal	1.28172903861396e-05	1.23652572164345e-05	578	458	0.300377452907794	0.340016706224072
PWY.6612..superpathway.of.tetrahydrofolate.biosynthesis	born_method	vaginal	-7.93767980982176e-06	7.68248125938284e-06	578	511	0.30193538453501	0.340780872603842
PWY.5863..superpathway.of.phylloquinol.biosynthesis	born_method	vaginal	-4.85596986981464e-06	4.72304325556748e-06	578	499	0.304313515680263	0.342463606567293
PWY.6837..fatty.acid.beta.oxidation.V..unsaturated..odd.number..di.isomerase.dependent.	born_method	vaginal	-3.85649985559089e-06	3.81885464834699e-06	578	386	0.312987483806886	0.351201071946098
ANAEROFRUCAT.PWY..homolactic.fermentation	born_method	vaginal	-7.87206682588006e-06	8.19802895886841e-06	578	568	0.337337861798001	0.377427288852256
UBISYN.PWY..superpathway.of.ubiquinol.8.biosynthesis..prokaryotic.	born_method	vaginal	3.32152508352061e-06	3.52637010290648e-06	578	376	0.346633323097595	0.386706539640669
PWY.7388..octanoyl..acyl.carrier.protein..biosynthesis..mitochondria..yeast.	born_method	vaginal	1.1534964105958e-05	1.2747399333129e-05	578	561	0.365903237930383	0.407027809340426
PWY.6385..peptidoglycan.biosynthesis.III..mycobacteria.	born_method	vaginal	1.07105719848657e-05	1.18888655849237e-05	578	576	0.368022791630011	0.408209188417196
PWY.7539..6.hydroxymethyl.dihydropterin.diphosphate.biosynthesis.III..Chlamydia.	born_method	vaginal	7.45942639560164e-06	8.33644949404558e-06	578	569	0.371269593290734	0.410630553037889
PWY.5100..pyruvate.fermentation.to.acetate.and.lactate.II	born_method	vaginal	-1.37007144889583e-05	1.59194670761037e-05	578	575	0.389801896572198	0.42989580593391
HEXITOLDEGSUPER.PWY..superpathway.of.hexitol.degradation..bacteria.	born_method	vaginal	7.51483666597625e-06	8.8708404524501e-06	578	517	0.397269378636641	0.436883134341149
ANAGLYCOLYSIS.PWY..glycolysis.III..from.glucose.	born_method	vaginal	-1.01653061009585e-05	1.2713335994447e-05	578	578	0.424284839361477	0.465266897708892
PWY.6185..4.methylcatechol.degradation..ortho.cleavage.	born_method	vaginal	-3.36522616055088e-06	4.56644080981882e-06	578	144	0.461454465393808	0.504593268107676
PWY66.389..phytol.degradation	born_method	vaginal	-4.45901977197925e-06	6.17228235137776e-06	578	525	0.470325553791947	0.512840858089524
GLUCONEO.PWY..gluconeogenesis.I	born_method	vaginal	5.78954618902322e-06	8.04046851161312e-06	578	540	0.471785764019888	0.512983957497682
PWY.5154..L.arginine.biosynthesis.III..via.N.acetyl.L.citrulline.	born_method	vaginal	5.77374634671124e-06	8.08573649369296e-06	578	567	0.475475861952451	0.515544052566421
PWY.6182..superpathway.of.salicylate.degradation	born_method	vaginal	2.58279437354792e-06	3.77406955663628e-06	578	123	0.494027777805144	0.534158885806122
METSYN.PWY..L.homoserine.and.L.methionine.biosynthesis	born_method	vaginal	7.13303264159604e-06	1.05048695341919e-05	578	568	0.497396958900093	0.536299514344793
RUMP.PWY..formaldehyde.oxidation.I	born_method	vaginal	2.95104710126811e-06	4.53735410636038e-06	578	380	0.515700037135659	0.554485276697394
OANTIGEN.PWY..O.antigen.building.blocks.biosynthesis..E..coli.	born_method	vaginal	8.64837730537993e-06	1.39186950439051e-05	578	571	0.534615362819121	0.573226472356057
P461.PWY..hexitol.fermentation.to.lactate..formate..ethanol.and.acetate	born_method	vaginal	-7.05491009418649e-06	1.16426533738374e-05	578	510	0.544784134885211	0.580902420070971
PWY.5177..glutaryl.CoA.degradation	born_method	vaginal	-3.36181218289224e-06	5.52881980389434e-06	578	452	0.543392389202275	0.580902420070971
AST.PWY..L.arginine.degradation.II..AST.pathway.	born_method	vaginal	3.42560548213599e-06	5.96555942916119e-06	578	389	0.566036083850249	0.601900629107978
P221.PWY..octane.oxidation	born_method	vaginal	2.05404668231938e-06	3.72641463900059e-06	578	472	0.58170169413129	0.616859488831533
PWY.5855..ubiquinol.7.biosynthesis..prokaryotic.	born_method	vaginal	-1.89434004940627e-06	3.93432051979937e-06	578	399	0.630350420943456	0.661182778489603
PWY.5856..ubiquinol.9.biosynthesis..prokaryotic.	born_method	vaginal	-1.89434004940627e-06	3.93432051979937e-06	578	399	0.630350420943456	0.661182778489603
PWY.5857..ubiquinol.10.biosynthesis..prokaryotic.	born_method	vaginal	-1.89434004940627e-06	3.93432051979937e-06	578	399	0.630350420943456	0.661182778489603
PWY.6708..ubiquinol.8.biosynthesis..prokaryotic.	born_method	vaginal	-1.89434004940627e-06	3.93432051979937e-06	578	399	0.630350420943456	0.661182778489603
HOMOSER.METSYN.PWY..L.methionine.biosynthesis.I	born_method	vaginal	-4.61727149292577e-06	9.65266617748604e-06	578	568	0.63258861530479	0.661732264248371
PWY.5417..catechol.degradation.III..ortho.cleavage.pathway.	born_method	vaginal	-2.02650824702218e-06	4.43620707003732e-06	578	135	0.647979106900524	0.674177723082486
PWY.5431..aromatic.compounds.degradation.via..beta..ketoadipate	born_method	vaginal	-2.02650824702218e-06	4.43620707003732e-06	578	135	0.647979106900524	0.674177723082486
ECASYN.PWY..enterobacterial.common.antigen.biosynthesis	born_method	vaginal	-1.91727370627263e-06	4.22403934488758e-06	578	352	0.650074798472649	0.674539979060329
PWY.241..C4.photosynthetic.carbon.assimilation.cycle..NADP.ME.type	born_method	vaginal	2.19052794675509e-06	5.58663924942139e-06	578	520	0.695128476873077	0.719355474726562
PWY.6284..superpathway.of.unsaturated.fatty.acids.biosynthesis..E..coli.	born_method	vaginal	-3.37687541056622e-06	9.69055734043684e-06	578	466	0.727614034032407	0.750959938867672
PWY0.1338..polymyxin.resistance	born_method	vaginal	-1.07079151982148e-06	3.63590871011356e-06	578	330	0.76847852168324	0.791020558319282
PWY.7288..fatty.acid..beta..oxidation..peroxisome..yeast.	born_method	vaginal	1.10259703663151e-06	4.43017218110609e-06	578	264	0.803539566925931	0.822722209107187
CATECHOL.ORTHO.CLEAVAGE.PWY..catechol.degradation.to..beta..ketoadipate	born_method	vaginal	9.88018784027434e-07	3.94722562569488e-06	578	139	0.802439082154827	0.822722209107187
PWY.7315..dTDP.N.acetylthomosamine.biosynthesis	born_method	vaginal	1.10464858769629e-06	5.41975483598584e-06	578	402	0.838566993792033	0.856314443396097
PWY.5181..toluene.degradation.III..aerobic...via.p.cresol.	born_method	vaginal	-8.05046513306676e-07	4.28989689075396e-06	578	136	0.851208460366	0.86692998865772
PWY.5686..UMP.biosynthesis	born_method	vaginal	-2.76541589999212e-06	1.53022681068002e-05	578	578	0.856651438975577	0.870177514327823
PWY.5083..NAD.NADH.phosphorylation.and.dephosphorylation	born_method	vaginal	1.08704585464085e-06	7.40218161955825e-06	578	458	0.883298019004645	0.894889856524391
P122.PWY..heterolactic.fermentation	born_method	vaginal	5.76202035751886e-07	4.15016819973826e-06	578	438	0.889626504175244	0.898941964951948
PWY.7282..4.amino.2.methyl.5.phosphomethylpyrimidine.biosynthesis..yeast.	born_method	vaginal	-1.32317996559737e-06	1.0136852941986e-05	578	543	0.89619140271193	0.903211178712285
PWY.6285..superpathway.of.fatty.acids.biosynthesis..E..coli.	born_method	vaginal	1.16324560225758e-06	1.02704563868472e-05	578	438	0.909862833441752	0.914601702365928
PWY66.391..fatty.acid..beta..oxidation.VI..peroxisome.	born_method	vaginal	-4.9655694508016e-07	4.76938256290711e-06	578	259	0.917115546116773	0.919497664418375
SULFATE.CYS.PWY..superpathway.of.sulfate.assimilation.and.cysteine.biosynthesis	born_method	vaginal	-4.08825223282759e-07	8.42510465285128e-06	578	556	0.961314943037691	0.961314943037691
