"pathway","effect","wi_p","wi_fdr","we_p","we_fdr"
"PWY0-1296: purine ribonucleosides degradation",-0.572131166417441,4.76254403280717e-28,1.83504644759455e-25,1.24726704385789e-22,4.81445078929144e-20
"PWY0-1298: superpathway of pyrimidine deoxyribonucleosides degradation",-0.46890528256435,1.26350591100757e-25,2.4385664082446e-23,9.85832310441837e-12,1.32134645403456e-10
"PWY0-1297: superpathway of purine deoxyribonucleosides degradation",-0.453436668147899,4.30572703383472e-23,5.54003545020068e-21,7.11553344179919e-14,1.98685627033811e-12
"PWY-7197: pyrimidine deoxyribonucleotide phosphorylation",-0.449206560697298,2.63512183028183e-20,2.21171272151654e-18,1.47360234185522e-16,7.40838869165823e-15
"PWY-7208: superpathway of pyrimidine nucleobases salvage",-0.441273211641854,3.20867242779741e-20,2.59895403865493e-18,1.71605919419177e-16,7.63091055365061e-15
"PWY-6609: adenine and adenosine salvage III",-0.433282379291576,2.17251201030601e-18,1.3333958425685e-16,1.08907518109525e-17,1.13775773725757e-15
"NONOXIPENT-PWY: pentose phosphate pathway (non-oxidative branch)",-0.41245560969001,7.8183046415448e-18,3.71508096408188e-16,8.8741823099298e-17,5.95224410751462e-15
"PWY66-409: superpathway of purine nucleotide salvage",-0.359922521549335,1.05178539899643e-17,4.83806779226244e-16,2.08313974588783e-08,1.44703956285456e-07
"PWY-7199: pyrimidine deoxyribonucleosides salvage",-0.385418191689739,1.16320254316309e-17,5.25689358928211e-16,1.15588426028229e-16,7.20600087520852e-15
"PWY-7184: pyrimidine deoxyribonucleotides de novo biosynthesis I",-0.390749927146113,1.425193471406e-16,5.07624548498123e-15,3.24357589152608e-12,4.77297994055466e-11
"PWY-7228: superpathway of guanosine nucleotides de novo biosynthesis I",-0.387919404685922,2.12675405514426e-16,7.27184847717079e-15,2.05917739086365e-15,9.96607400124738e-14
"PWY-5188: tetrapyrrole biosynthesis I (from glutamate)",-0.37805595215868,6.86198646116125e-16,2.0910944645897e-14,2.36400155754613e-11,3.04927284627854e-10
"PWY-2723: trehalose degradation V",0.311671066290133,3.72965547335014e-16,2.97558935163657e-14,4.60944164781818e-11,7.8530449464865e-10
"PWY-5173: superpathway of acetyl-CoA biosynthesis",-0.38049161812419,1.28679502756587e-15,3.78596492448076e-14,8.03601425482129e-11,8.52203865841373e-10
"PYRIDNUCSAL-PWY: NAD salvage pathway I",0.30624722642558,5.8113236445223e-16,4.13979559406947e-14,4.0893346001103e-11,6.99569744580514e-10
"GALACT-GLUCUROCAT-PWY: superpathway of hexuronide and hexuronate degradation",0.493168705028591,8.93382590128056e-16,4.81264058587313e-14,3.42550640630712e-13,1.16610450338787e-11
"PWY-6125: superpathway of guanosine nucleotides de novo biosynthesis II",-0.352782927807294,4.63224729964483e-15,1.25381783538241e-13,2.09738589887324e-14,7.88743772284715e-13
"PWY-622: starch biosynthesis",0.504481832325349,5.44876643804315e-15,1.70353881764595e-13,4.27609336828283e-14,1.84368880942621e-12
"PWY-7046: 4-coumarate degradation (anaerobic)",0.468716060194009,4.46344350368832e-15,1.78558961472895e-13,6.78949570176446e-11,1.01537877477283e-09
"PWY-6700: queuosine biosynthesis",-0.31995486514139,1.24367617897469e-14,3.16351584312261e-13,4.02459681297808e-14,1.37962371439708e-12
"PWY-4702: phytate degradation I",0.484383306703482,1.34458416622962e-14,4.46623906648995e-13,4.02870445337378e-13,1.21230428138821e-11
"PWY-6731: starch degradation III",0.399789312388749,4.5324854980322e-14,1.13971414165712e-12,4.11825348128891e-11,7.02995772473757e-10
"PYRIDNUCSYN-PWY: NAD biosynthesis I (from aspartate)",0.271908274345961,5.65849450628875e-14,1.82332663650132e-12,1.33200634550024e-10,2.31266361587936e-09
"HEME-BIOSYNTHESIS-II: heme biosynthesis I (aerobic)",-0.35060083137362,8.79611807521191e-14,1.8795523151484e-12,1.00710097884747e-09,8.7960329785882e-09
"LACTOSECAT-PWY: lactose and galactose degradation I",-0.405513876805551,1.14746806306983e-13,2.42456802549496e-12,3.90068013547173e-11,5.59864070734895e-10
"GLYCOCAT-PWY: glycogen degradation I (bacterial)",0.294806254529362,1.00929681279283e-13,2.88189406456438e-12,1.45453071462298e-10,2.53121501990419e-09
"PWY-7234: inosine-5'-phosphate biosynthesis III",-0.339486321462892,1.51173398057943e-13,3.10851041167317e-12,2.98729201586823e-11,3.16201393298089e-10
"PWY-5659: GDP-mannose biosynthesis",-0.344824855658062,1.56648631086382e-13,3.19132241613904e-12,5.76559935928391e-07,2.32388094146433e-06
"GLUCUROCAT-PWY: superpathway of &beta;-D-glucuronide and D-glucuronate degradation",0.431292723657407,2.01625174889308e-13,4.1522753994592e-12,5.93835917939156e-11,9.07110735573432e-10
"PWY-7328: superpathway of UDP-glucose-derived O-antigen building blocks biosynthesis",0.362996773225736,2.22849516617885e-13,5.28356852990188e-12,2.92540375829847e-08,3.04092077350835e-07
"NONMEVIPP-PWY: methylerythritol phosphate pathway I",0.369279218572487,2.35034214313146e-13,5.59607728905306e-12,1.04207529758038e-10,1.88159777209266e-09
"PWY-841: superpathway of purine nucleotides de novo biosynthesis I",-0.34655324189069,4.51140244018015e-13,8.53272579282067e-12,1.79350219074469e-11,2.61193033382612e-10
"PWY-7560: methylerythritol phosphate pathway II",0.345887440923921,5.03277974850391e-13,1.0306147007527e-11,3.93760100914076e-10,6.28133534780563e-09
"PWY-922: mevalonate pathway I",-0.379182088588762,1.05195452438641e-12,1.86841840749561e-11,1.05735878676027e-10,1.34857600449692e-09
"PWY-6270: isoprene biosynthesis I",0.383078418338666,9.43375585982231e-13,1.87629752958381e-11,3.69196844970943e-10,5.82890580566701e-09
"COLANSYN-PWY: colanic acid building blocks biosynthesis",0.3443328974709,4.14463081910288e-12,7.43285872660075e-11,8.79941258746797e-12,2.00259705032249e-10
"PWY-2941: L-lysine biosynthesis II",-0.348053376851418,5.33863273447278e-12,8.67525020871585e-11,4.44807183784318e-10,4.32885199251146e-09
"PWY-621: sucrose degradation III (sucrose invertase)",-0.326592081893213,6.61468626492974e-12,1.04864134431206e-10,1.00396060184079e-08,7.631925182399e-08
"GLUDEG-I-PWY: GABA shunt",0.388151155700997,7.54132173375055e-12,1.2594582760448e-10,2.64751180006906e-09,3.39929420800667e-08
"PWY-5656: mannosylglycerate biosynthesis I",0.427997367471841,8.23188565923783e-12,1.36692701842517e-10,8.00664460079425e-10,1.07508094077451e-08
"PWY-4981: L-proline biosynthesis II (from arginine)",-0.35977627401831,9.51886748350556e-12,1.45471281002827e-10,2.46437092278852e-11,4.07774900052291e-10
"PWY-6823: molybdenum cofactor biosynthesis",0.405292914104483,1.04675192125203e-11,1.66773790053445e-10,8.67372450252812e-09,9.34581216802047e-08
"PWY-5910: superpathway of geranylgeranyldiphosphate biosynthesis I (via mevalonate)",-0.365163532752927,1.18216533668303e-11,1.71311704627783e-10,5.97139108780595e-09,4.8478417019773e-08
"PWY0-166: superpathway of pyrimidine deoxyribonucleotides de novo biosynthesis (E. coli)",-0.286349924343298,2.0171813273736e-11,2.86401395618261e-10,1.29291653470945e-09,1.25597587424158e-08
"PWY-5695: urate biosynthesis/inosine 5'-phosphate degradation",-0.299924100400916,3.11958676451026e-11,4.29025954001632e-10,3.13093738917974e-12,6.98213918918705e-11
"KDO-NAGLIPASYN-PWY: superpathway of (Kdo)2-lipid A biosynthesis",0.36118825757238,4.09448447369343e-11,6.17208479381351e-10,2.89492661925683e-08,2.94029548810576e-07
"LPSSYN-PWY: superpathway of lipopolysaccharide biosynthesis",0.407906578663163,4.87022210754473e-11,6.8404190241442e-10,1.16029063110951e-08,1.36756595561969e-07
"PWY0-42: 2-methylcitrate cycle I",0.391638464250501,7.2367205977697e-11,1.08536607734277e-09,1.25071569941071e-09,1.81444242011529e-08
"PWY-6936: seleno-amino acid biosynthesis",-0.282180333403781,1.51472591763602e-10,1.86708503229482e-09,4.57034995677087e-11,7.66710162075544e-10
"PWY-6545: pyrimidine deoxyribonucleotides de novo biosynthesis III",-0.294500035158766,2.16181365473624e-10,2.30070228206508e-09,1.53989285015824e-07,9.30794795186539e-07
"PWY0-41: allantoin degradation IV (anaerobic)",0.378473436699494,1.77239596263479e-10,2.50252096026351e-09,2.00748118562438e-08,2.24958302195803e-07
"PWY-7391: isoprene biosynthesis II (engineered)",-0.353817011602969,5.33025800176657e-10,4.6889253990939e-09,4.83994946482994e-09,4.06139039763565e-08
"CODH-PWY: reductive acetyl coenzyme A pathway",-0.344027882938103,6.84049801373831e-10,5.71105012842022e-09,6.72599193329197e-09,5.11001322647598e-08
"PWY-5747: 2-methylcitrate cycle II",0.376961792208928,4.82611173246994e-10,6.63241456645932e-09,6.59401469191301e-09,8.60126412455294e-08
"PWY-5791: 1,4-dihydroxy-2-naphthoate biosynthesis II (plants)",-0.227261608245435,8.69926342618112e-10,8.02267348930949e-09,0.0360313953964664,0.0845012070870646
"PWY-5918: superpathay of heme biosynthesis from glutamate",-0.271350716265037,8.44505784210184e-10,8.05503762715801e-09,1.67692798321555e-05,6.19365795097465e-05
"GLUCOSE1PMETAB-PWY: glucose and glucose-1-phosphate degradation",0.246278096203528,5.76239741686968e-10,8.40481653103129e-09,3.39138072312506e-08,4.01814015194536e-07
"PWY-5973: cis-vaccenate biosynthesis",-0.262205391135651,9.07544795441944e-10,8.93167626749302e-09,2.135564519692e-05,8.09011014685495e-05
"PWY-5837: 1,4-dihydroxy-2-naphthoate biosynthesis I",-0.232657095827476,1.02010701567333e-09,9.02835371955027e-09,0.0411935926256983,0.0944931267170815
"PWY-6126: superpathway of adenosine nucleotides de novo biosynthesis II",-0.256302321176532,9.93233919620731e-10,9.60580475810725e-09,1.6788610626608e-10,2.35808662968246e-09
"P124-PWY: Bifidobacterium shunt",0.424622366864403,8.48765445080057e-10,1.03806817116891e-08,1.16088419259419e-09,1.43808281562525e-08
"PWY-4242: pantothenate and coenzyme A biosynthesis III",-0.29043409602521,1.37583759210078e-09,1.25827201050102e-08,1.79699654695227e-10,2.49639213493652e-09
"PWY-6124: inosine-5'-phosphate biosynthesis II",-0.27664382730418,1.45800074882111e-09,1.3347200059324e-08,3.5214480168185e-10,4.47345919025128e-09
"PWY-6317: galactose degradation I (Leloir pathway)",-0.242498400845342,1.65524381575166e-09,1.47042070622806e-08,1.8847306612527e-06,9.18006227190376e-06
"COA-PWY: coenzyme A biosynthesis I",-0.266841783078875,1.65842335510331e-09,1.47715471155625e-08,1.25592405133774e-10,1.84835464854605e-09
"DENOVOPURINE2-PWY: superpathway of purine nucleotides de novo biosynthesis II",-0.242959338023215,1.82990258530142e-09,1.59244040286277e-08,2.83774408483359e-08,2.09401675328912e-07
"PWY-5121: superpathway of geranylgeranyl diphosphate biosynthesis II (via MEP)",0.312636897221471,1.2422962589187e-09,1.739025843467e-08,4.79985574203257e-08,5.5306944550469e-07
"PWY-5138: unsaturated, even numbered fatty acid &beta;-oxidation",-0.294487507621768,2.48146971938902e-09,1.97824861462582e-08,0.00525890411798406,0.0132763325266848
"P125-PWY: superpathway of (R,R)-butanediol biosynthesis",-0.335848953587925,3.67294284745177e-09,2.78094937351774e-08,9.52497285603329e-08,5.54966800441354e-07
"P42-PWY: incomplete reductive TCA cycle",-0.246310597569103,4.55620687143335e-09,3.36150504387403e-08,2.8321967413763e-06,1.33409360600438e-05
"PWY-7222: guanosine deoxyribonucleotides de novo biosynthesis II",-0.285805261061711,5.45713843123791e-09,4.08286611497132e-08,9.79652514361414e-09,8.90512210981956e-08
"PWY-7220: adenosine deoxyribonucleotides de novo biosynthesis II",-0.287610965753857,5.54023397408136e-09,4.13127881396574e-08,9.96698791946957e-09,9.02023579159947e-08
"CALVIN-PWY: Calvin-Benson-Bassham cycle",-0.234568961543198,6.46059265369119e-09,4.59328709466061e-08,1.76696401173973e-05,6.68397930442669e-05
"PWY-5265: peptidoglycan biosynthesis II (staphylococci)",-0.259715197933779,6.87988538878584e-09,4.93181443606238e-08,3.96328123618836e-05,0.000150100527696813
"PWY-6123: inosine-5'-phosphate biosynthesis I",-0.244671299513591,7.16113907070167e-09,5.12426530733607e-08,1.76995894557818e-09,1.92155218549087e-08
"PWY4FS-7: phosphatidylglycerol biosynthesis I (plastidic)",-0.215324991527901,8.66608256193392e-09,5.94678148299119e-08,6.09716870215547e-05,0.000220040123491925
"PWY-7211: superpathway of pyrimidine deoxyribonucleotides de novo biosynthesis",-0.24632188720321,1.09434189954939e-08,6.9502932257921e-08,3.7475035654696e-06,1.62572089404338e-05
"PWY4FS-8: phosphatidylglycerol biosynthesis II (non-plastidic)",-0.205869945720625,1.06635986608845e-08,7.1828335573056e-08,9.61513760540448e-05,0.000336345291130462
"TRNA-CHARGING-PWY: tRNA charging",-0.241017292905396,1.1590290322575e-08,7.7937064269612e-08,6.71168490867031e-10,7.95717323900002e-09
"P185-PWY: formaldehyde assimilation III (dihydroxyacetone cycle)",-0.318412106556819,1.73683571263157e-08,9.22462779956019e-08,3.73252660491609e-07,1.7198605815548e-06
"PPGPPMET-PWY: ppGpp biosynthesis",-0.242100281811237,1.52799220197145e-08,9.65287753351098e-08,0.00193863731952159,0.00560260446188982
"GOLPDLCAT-PWY: superpathway of glycerol degradation to 1,3-propanediol",-0.32926628157772,2.35480567654307e-08,1.29058106547603e-07,1.63313625752983e-07,9.24488601788525e-07
"PWY-7456: mannan degradation",0.360180366461201,1.28530174142716e-08,1.50811850998213e-07,9.1238857991352e-08,9.71489739506869e-07
"PWY-7663: gondoate biosynthesis (anaerobic)",-0.252275130902254,2.72835648252994e-08,1.68568721809164e-07,8.10143979642266e-06,3.55421776889429e-05
"UDPNAGSYN-PWY: UDP-N-acetyl-D-glucosamine biosynthesis I",-0.256137247007276,2.86691911630921e-08,1.7607162725109e-07,6.86063554038223e-08,4.87898182320431e-07
"PWY-7210: pyrimidine deoxyribonucleotides biosynthesis from CTP",-0.275579403984165,3.1926036543599e-08,1.77335793076285e-07,1.76693010098929e-06,8.36978111758035e-06
"PWY-6471: peptidoglycan biosynthesis IV (Enterococcus faecium)",-0.264733182637433,3.04592371762357e-08,1.86108739829287e-07,5.70260848582326e-06,2.53611178659728e-05
"PWY-6859: all-trans-farnesol biosynthesis",-0.270047694586805,4.42146351026985e-08,2.55888176971617e-07,9.48932104957529e-05,0.000320779115143071
"PWY-7229: superpathway of adenosine nucleotides de novo biosynthesis I",-0.239055667769686,7.92703418060354e-08,4.39025554608208e-07,4.5471076550005e-09,4.53805207354477e-08
"P161-PWY: acetylene degradation",-0.196552738939859,8.40379711897032e-08,4.63172055182445e-07,0.0191311449497988,0.0477200305240771
"COMPLETE-ARO-PWY: superpathway of aromatic amino acid biosynthesis",-0.233497415097755,9.67778734777048e-08,5.29758685487601e-07,9.59715044884039e-09,8.71730763167229e-08
"PWY-7323: superpathway of GDP-mannose-derived O-antigen building blocks biosynthesis",0.296071411369863,4.57006774801788e-08,5.45206760856793e-07,5.66244408809619e-08,5.90774589235035e-07
"PWY-5005: biotin biosynthesis II",-0.278701081216239,1.30915881456595e-07,6.70848975117374e-07,3.39054235598569e-06,1.49075015846857e-05
"FOLSYN-PWY: superpathway of tetrahydrofolate biosynthesis and salvage",-0.184710864663703,1.30813221320764e-07,6.81963068783995e-07,0.0384513317071759,0.0910217358560558
"PWY0-845: superpathway of pyridoxal 5'-phosphate biosynthesis and salvage",0.188756028616114,6.4887175667272e-08,7.70917558590829e-07,1.06570959794786e-07,1.16762968719616e-06
"PWY-6163: chorismate biosynthesis from 3-dehydroquinate",-0.213763955776847,1.75816351050213e-07,9.05085509565975e-07,1.90193954481405e-08,1.58981736109831e-07
"PWY3O-355: stearate biosynthesis III (fungi)",0.325868692118352,9.62423997146605e-08,9.24903715905207e-07,4.70952078999477e-06,3.11235286925728e-05
"P164-PWY: purine nucleobases degradation I (anaerobic)",-0.275487473847294,2.02517659868563e-07,9.77806423760824e-07,4.56993183458861e-06,1.89641148005788e-05
"PANTOSYN-PWY: pantothenate and coenzyme A biosynthesis I",-0.232221520744699,2.04865199214703e-07,1.03248089617065e-06,4.17918059494184e-06,1.94221753980172e-05
"ARO-PWY: chorismate biosynthesis I",-0.196295799150501,2.22880600576466e-07,1.12159472454089e-06,2.63435109954247e-08,2.12628540030253e-07
"PWY-5104: L-isoleucine biosynthesis IV",-0.21114056685374,2.30088007984215e-07,1.15306625906422e-06,6.99914009342791e-05,0.000254421942326316
"PWY-1042: glycolysis IV (plant cytosol)",-0.215701317175828,2.8510158972277e-07,1.39935469815388e-06,2.84150055724664e-05,0.000104549066157633
"PWY-5384: sucrose degradation IV (sucrose phosphorylase)",0.220767997628661,1.26074391464809e-07,1.46006315515442e-06,5.60703289532137e-06,4.29208235575197e-05
"PWY-6703: preQ0 biosynthesis",-0.230430456250907,3.84531184577442e-07,1.85241354302743e-06,1.19213660972167e-06,6.05653654350466e-06
"ARGORNPROST-PWY: arginine, ornithine and proline interconversion",-0.272437506405194,4.54169407666644e-07,2.10427265546227e-06,3.49771442068081e-06,1.59252970222053e-05
"PWY-5189: tetrapyrrole biosynthesis II (from glycine)",-0.215946404474101,4.74351439945888e-07,2.22066221543254e-06,6.63218555679427e-05,0.000227060073373158
"PWY-7237: myo-, chiro- and scillo-inositol degradation",-0.263346378041154,7.04270778928604e-07,2.90289781841894e-06,1.63998967536608e-06,7.60119216990935e-06
"P562-PWY: myo-inositol degradation I",-0.286029306828148,1.15664583300809e-06,4.44826773689069e-06,1.19876169300216e-05,4.25666231616595e-05
"PWY0-1586: peptidoglycan maturation (meso-diaminopimelate containing)",-0.192786664473614,1.04539538684681e-06,4.71455546013222e-06,0.00031993120169272,0.000997441961121283
"PWY-7209: superpathway of pyrimidine ribonucleosides degradation",0.272112057453799,5.31177680777872e-07,4.96719972876075e-06,4.08980761955283e-05,0.000236464064222828
"PWY-3841: folate transformations II",-0.206705204004084,1.34315213278003e-06,5.95682367651464e-06,7.53712747542381e-08,5.4564837048691e-07
"PWY-6612: superpathway of tetrahydrofolate biosynthesis",-0.176777432093762,1.71849704046712e-06,7.41911382630356e-06,0.0457361041046567,0.106037581749771
"PWY-7219: adenosine ribonucleotides de novo biosynthesis",-0.218157678112567,1.81015658739789e-06,7.86957285192558e-06,5.19981263240303e-08,3.89172056880612e-07
"PWY0-781: aspartate superpathway",0.111403382601025,1.06459414635392e-06,1.0489163642307e-05,1.02960842102325e-06,8.62977827675724e-06
"PWY-7383: anaerobic energy metabolism (invertebrates, cytosol)",-0.288040876501775,3.34171966279994e-06,1.17783050410448e-05,2.25933185063529e-05,7.72847740087021e-05
"PWY-6121: 5-aminoimidazole ribonucleotide biosynthesis I",-0.194077820424748,2.84093473631789e-06,1.18896065977478e-05,3.73141000453547e-07,2.38725639033807e-06
"PYRIDOXSYN-PWY: pyridoxal 5'-phosphate biosynthesis I",0.166361681794798,1.23928853965061e-06,1.20989649019761e-05,5.86109939150134e-07,4.96947368447158e-06
"DENITRIFICATION-PWY: nitrate reduction I (denitrification)",-0.275116891345253,3.58661642529383e-06,1.27077997324643e-05,1.9113329257264e-05,6.74814458515278e-05
"PWY-5705: allantoin degradation to glyoxylate III",0.267910800745015,1.45479889687369e-06,1.29024284507695e-05,4.48290928105628e-05,0.000258202279047017
"PWY-6277: superpathway of 5-aminoimidazole ribonucleotide biosynthesis",-0.20317727728391,3.20217249793912e-06,1.3245365938422e-05,6.09348120279122e-07,3.68428761755235e-06
"KETOGLUCONMET-PWY: ketogluconate metabolism",0.223705223892871,1.43108635091392e-06,1.35707838021561e-05,2.98922211110081e-05,0.000189517959345277
"PWY-6122: 5-aminoimidazole ribonucleotide biosynthesis II",-0.220147468280764,3.46425924559289e-06,1.42608280514107e-05,6.20171461620531e-07,3.7422217966327e-06
"PWY0-1241: ADP-L-glycero-&beta;-D-manno-heptose biosynthesis",-0.188530139225248,3.74063113722308e-06,1.48876718921843e-05,0.0040975828100539,0.0109825941860966
"PWY66-399: gluconeogenesis III",-0.263437494334462,4.56317538811651e-06,1.62890967801387e-05,1.03247291743914e-05,4.09941885001779e-05
"PROTOCATECHUATE-ORTHO-CLEAVAGE-PWY: protocatechuate degradation II (ortho-cleavage pathway)",-0.274345898798123,4.70825786856364e-06,1.7115240007206e-05,1.84514645757005e-05,6.91013901556022e-05
"PANTO-PWY: phosphopantothenate biosynthesis I",-0.207837134133464,5.29115004055023e-06,2.09660098593041e-05,6.79666382815563e-06,3.19293120597704e-05
"PWY-7187: pyrimidine deoxyribonucleotides de novo biosynthesis II",-0.189601259225898,5.40621706948535e-06,2.13680114080297e-05,6.59751991799971e-05,0.000234533053086834
"PWY-6147: 6-hydroxymethyl-dihydropterin diphosphate biosynthesis I",-0.17773553215282,5.80589298525805e-06,2.28128097151525e-05,0.000208469595320428,0.000712223513192474
"PWY66-391: fatty acid &beta;-oxidation VI (peroxisome)",-0.249030800252533,6.73044217789547e-06,2.40795936846902e-05,0.000120008035257288,0.000380486411294646
"PENTOSE-P-PWY: pentose phosphate pathway",-0.176104530470439,6.72748380194512e-06,2.62007002642563e-05,0.000344003271158367,0.00110240121149049
"PWY-7288: fatty acid &beta;-oxidation (peroxisome, yeast)",-0.250681444664727,8.52627456059078e-06,2.9355698439985e-05,9.56912820496675e-05,0.000311337235258957
"RIBOSYN2-PWY: flavin biosynthesis I (bacteria and plants)",-0.185601211208924,8.95117843645792e-06,3.41769470902156e-05,2.8882825538772e-05,0.00011557249600534
"PWY-4984: urea cycle",0.248871229489668,4.14670307641481e-06,3.56028759251612e-05,5.54506655935962e-05,0.000315832933514526
"PWY-5994: palmitate biosynthesis I (animals and fungi)",0.287438849017353,6.14697179968787e-06,4.43760177101261e-05,9.39389852199282e-07,7.61123330854653e-06
"PWY-6897: thiamin salvage II",-0.166879718754773,1.31130519299704e-05,4.89617909303191e-05,0.00087179828694235,0.00261943413051131
"PWY-5022: 4-aminobutanoate degradation V",0.201829821610002,6.39041308236714e-06,5.21197945618571e-05,0.000250238709345084,0.00123060757513098
"PWY-6595: superpathway of guanosine nucleotides degradation (plants)",-0.20882714573747,1.50367572843021e-05,5.57329183848956e-05,0.000296002215485173,0.000965339371709919
"PWY-6531: mannitol cycle",0.214208182741044,6.71810249751152e-06,5.64044498525414e-05,1.71430687620749e-05,0.000112674773220307
"SO4ASSIM-PWY: sulfate reduction I (assimilatory)",-0.180236980355269,1.56235414727508e-05,5.77382696408835e-05,0.00892662481031616,0.0234801052600364
"PWY0-881: superpathway of fatty acid biosynthesis I (E. coli)",0.273186662576042,7.90058229786783e-06,6.3289140875843e-05,1.53727769013033e-05,9.85995716236247e-05
"PWYG-321: mycolate biosynthesis",0.131565907401619,8.25138016032241e-06,7.01684083169721e-05,3.12801559964812e-07,3.25860654507172e-06
"PWY66-400: glycolysis VI (metazoan)",-0.151665414909292,2.07031394965863e-05,7.55114969797666e-05,4.74982957599402e-05,0.000171639630794448
"PWY-5692: allantoin degradation to glyoxylate II",0.266041475196532,1.12383745006842e-05,7.81773553940696e-05,0.000183447620125891,0.000816853603613924
"PWY-6185: 4-methylcatechol degradation (ortho cleavage)",-0.243231287564662,2.5043449127433e-05,7.88251875977967e-05,6.05915267902315e-05,0.000206280800901302
"PWY-6318: L-phenylalanine degradation IV (mammalian, via side chain)",-0.243380170831386,2.74301040370327e-05,8.76295047062986e-05,7.74426063543242e-05,0.000266471078652829
"PWY-5181: toluene degradation III (aerobic) (via p-cresol)",-0.238232173536109,2.86599259139831e-05,9.00021708660167e-05,9.46834629555804e-05,0.00031112297317763
"METHGLYUT-PWY: superpathway of methylglyoxal degradation",0.185478828031852,2.24500929459359e-05,0.000172648621500685,0.000157920331437222,0.000834932181043241
"SALVADEHYPOX-PWY: adenosine nucleotides degradation II",0.207789990367552,2.40839233243643e-05,0.000183696010879439,8.17874218891155e-05,0.00046668599180732
"PWY-6168: flavin biosynthesis III (fungi)",-0.162165872960252,6.03036216302763e-05,0.000204275322957397,0.00028620995009566,0.00093285035145689
"URDEGR-PWY: superpathway of allantoin degradation in plants",0.246729650229046,3.28402239873297e-05,0.000205928185858674,0.000248197977089668,0.00115125370368957
"P4-PWY: superpathway of L-lysine, L-threonine and L-methionine biosynthesis I",0.101723852037153,3.23513195088724e-05,0.000242749492935289,1.55649850430307e-05,0.000105650088979971
"1CMET2-PWY: N10-formyl-tetrahydrofolate biosynthesis",-0.171277335691526,7.42049893726346e-05,0.000247466004934881,4.5633547988416e-06,2.28923764110675e-05
"PWY-5484: glycolysis II (from fructose 6-phosphate)",-0.149174239762542,8.02910112767806e-05,0.00026405990463937,0.00389638202119276,0.0108788345146566
"PWY-6386: UDP-N-acetylmuramoyl-pentapeptide biosynthesis II (lysine-containing)",-0.162469919793511,8.30891940449041e-05,0.000275612217179228,6.40287003048465e-06,3.09316844364794e-05
"PWY-7392: taxadiene biosynthesis (engineered)",0.212012120275808,4.03961311995459e-05,0.000293845512304596,0.000378359042008315,0.00178661876112189
"ANAEROFRUCAT-PWY: homolactic fermentation",-0.145930870784128,9.34682717892294e-05,0.000301979805625037,0.00361385415391553,0.00988961119618628
"PWY-7200: superpathway of pyrimidine deoxyribonucleoside salvage",-0.201562722393473,9.85669033614536e-05,0.000316525873768209,0.0017611376625074,0.0051937453089061
"GLYCOLYSIS: glycolysis I (from glucose 6-phosphate)",-0.140337284110632,0.000110746107390196,0.000351692076372367,0.00269492788488211,0.00755875046927773
"PWY-5838: superpathway of menaquinol-8 biosynthesis I",0.13130393012067,4.91675578369634e-05,0.000358207741306249,8.10803271489129e-06,5.91240814792338e-05
"PWY-6151: S-adenosyl-L-methionine cycle I",-0.167456614759533,0.000114577288431766,0.000366170125865644,6.04951461296863e-05,0.000229873028959414
"PWY-6387: UDP-N-acetylmuramoyl-pentapeptide biosynthesis I (meso-diaminopimelate containing)",-0.160409425795833,0.000117350399562598,0.000373502858559125,7.21075249015553e-06,3.42736233269225e-05
"PWY0-1319: CDP-diacylglycerol biosynthesis II",-0.147211685666228,0.000118234007886199,0.000373519814361814,0.00208551310630676,0.0060861135538409
"PWY-7357: thiamin formation from pyrithiamine and oxythiamine (yeast)",-0.165220546826286,0.000117886975295952,0.000374397889229145,0.00017948262041547,0.00062518148525425
"PWY-7204: pyridoxal 5'-phosphate salvage II (plants)",0.192586795854484,5.31485286592841e-05,0.000377648150130776,0.000378150445170731,0.00171676429027218
"PEPTIDOGLYCANSYN-PWY: peptidoglycan biosynthesis I (meso-diaminopimelate containing)",-0.144609109664639,0.000118865901253248,0.000378862788451203,9.51293981646452e-06,4.36703350857737e-05
"PWY0-162: superpathway of pyrimidine ribonucleotides de novo biosynthesis",-0.155175986328521,0.000123450818764888,0.000389855164055547,0.00980545452814107,0.0259395513255739
"PWY-5417: catechol degradation III (ortho-cleavage pathway)",-0.219097750724164,0.000158924642249351,0.000430110838645273,0.000441671588790092,0.00124307371950725
"GLYCOL-GLYOXDEG-PWY: superpathway of glycol metabolism and degradation",0.212488442972547,6.45832759290019e-05,0.000443901655638245,0.000413745371407427,0.00187460619707813
"GALACTUROCAT-PWY: D-galacturonate degradation I",0.152690748129855,6.78506219575249e-05,0.000482785820434615,0.00014558421503813,0.000769758451210828
"PWY-5686: UMP biosynthesis",-0.168316902891152,0.00016389258225245,0.000504888650618852,4.80481405535071e-05,0.000190154474024282
"PWY-5861: superpathway of demethylmenaquinol-8 biosynthesis",0.129576241998469,7.45580146968069e-05,0.000529394374556378,8.00810730425087e-06,5.43566923597376e-05
"DAPLYSINESYN-PWY: L-lysine biosynthesis I",0.14371021458712,8.02735961667397e-05,0.00056808327376622,0.000148078418957255,0.000820822097635772
"PWY66-422: D-galactose degradation V (Leloir pathway)",-0.149004823853732,0.000193334281187653,0.000583455404061583,0.000337688838535753,0.00104414198135804
"CATECHOL-ORTHO-CLEAVAGE-PWY: catechol degradation to &beta;-ketoadipate",-0.208688547930888,0.00021954498857152,0.000606634828099917,0.000490657980539087,0.00148131463631527
"PWY-5667: CDP-diacylglycerol biosynthesis I",-0.150695809137227,0.000216756732482434,0.000646967863023796,0.00590857834500464,0.0159640604894766
"PWY-5100: pyruvate fermentation to acetate and lactate II",-0.148423620704093,0.000219080413649368,0.00065401581232224,0.000481555603606968,0.00155369184831176
"PWY-6629: superpathway of L-tryptophan biosynthesis",0.104876806674712,9.52677883608311e-05,0.000667306021072929,0.000161735532878036,0.000872093337064087
"PWY0-862: (5Z)-dodec-5-enoate biosynthesis",-0.13071486369714,0.000259619134328598,0.000763699340750942,0.179763171979582,0.379830227827311
"PWY-5177: glutaryl-CoA degradation",-0.139681680127038,0.000284513234472851,0.000824676167590934,0.00682190435147579,0.0183519741775811
"PWY3DJ-35471: L-ascorbate biosynthesis IV",-0.242188505349133,0.000371662954495412,0.000861756456036115,0.00124600003330825,0.00314583103876292
"PWY0-1533: methylphosphonate degradation I",0.210081209054184,0.000149311305925994,0.00093737865610055,0.00282402717952892,0.010249417968442
"PWY-7221: guanosine ribonucleotides de novo biosynthesis",-0.159445014764671,0.000327720719419668,0.000947450113916979,3.13078337574369e-05,0.000129322103879858
"PWY-3781: aerobic respiration I (cytochrome c)",-0.207676032290604,0.000373734954613343,0.000984431710162029,0.00114067551359606,0.00328058029205833
"P221-PWY: octane oxidation",-0.157580541334071,0.000468301210551829,0.00127210204595396,0.0501835630724357,0.115230465020832
"COA-PWY-1: coenzyme A biosynthesis II (mammalian)",-0.170204242617954,0.000455586766220434,0.00128436200677601,3.28765621335458e-05,0.000135336334809737
"PWY-5367: petroselinate biosynthesis",-0.140996802558394,0.000458787447416573,0.00128997118520044,0.023945329612869,0.0592845537967173
"PWY-6608: guanosine nucleotides degradation III",-0.116705177132668,0.000462458447762944,0.00130148896300589,0.0271998508511444,0.0671944482752823
"PWY-6182: superpathway of salicylate degradation",-0.21478118118711,0.000558300350465208,0.00140571939026158,0.000746434661977017,0.00219850882122458
"PWY-5431: aromatic compounds degradation via &beta;-ketoadipate",-0.227557116171031,0.0006334363266661,0.00148432446985484,0.000869998526251849,0.00237242032217348
"PWY-7013: L-1,2-propanediol degradation",-0.17020197957819,0.000559011437800502,0.00151002163675727,0.00244508442346845,0.00683639551290494
"PWY-7539: 6-hydroxymethyl-dihydropterin diphosphate biosynthesis III (Chlamydia)",-0.135928210251286,0.000621204882005102,0.00171019280424924,0.0446490534788627,0.106712008976464
"P461-PWY: hexitol fermentation to lactate, formate, ethanol and acetate",-0.110159402234459,0.00085867384432427,0.00231646806969076,0.427252013465306,0.745279071962559
"P122-PWY: heterolactic fermentation",-0.132102917230587,0.000957859432625496,0.00253131591805454,0.0593039845855583,0.134505103085267
"PWY-5863: superpathway of phylloquinol biosynthesis",-0.102921008325318,0.000953548915624062,0.0025389436221892,0.839830217820493,0.980558375680497
"ANAGLYCOLYSIS-PWY: glycolysis III (from glucose)",-0.128213012497941,0.00118583899480514,0.003146916052374,9.47914171945246e-05,0.000352584434055485
"GLUCONEO-PWY: gluconeogenesis I",-0.10130567195155,0.00121773079752543,0.00319573998292198,0.68928344756497,0.940834972763896
"PWY-1861: formaldehyde assimilation II (RuMP Cycle)",-0.161962109066525,0.0016222805348738,0.00422046569819239,0.0220570529742902,0.0553016590012255
"PWY-6385: peptidoglycan biosynthesis III (mycobacteria)",-0.129310776267317,0.00172108317913642,0.00445552432484869,0.000700103077085129,0.00215533719518457
"PWY-2942: L-lysine biosynthesis III",-0.150442418456741,0.00173024953486723,0.00448501667866137,0.000341154865014525,0.00114857552746917
"PWY-7279: aerobic respiration II (cytochrome c) (yeast)",-0.185777493711092,0.0020134415626414,0.00467952146574892,0.00410792780152395,0.0106297263188143
"PWY-5028: L-histidine degradation II",-0.183537557815226,0.00253499948104972,0.00575125081818897,0.004261838093392,0.011016775195914
"HEXITOLDEGSUPER-PWY: superpathway of hexitol degradation (bacteria)",-0.0728436537391321,0.00277528951336632,0.00693962260824932,0.762881345392735,0.957686829174831
"NAD-BIOSYNTHESIS-II: NAD salvage pathway II",-0.114342948421525,0.00316641450440891,0.00780818936551797,0.136299400685903,0.284484069247413
"PWY-4361: S-methyl-5-thio-&alpha;-D-ribose 1-phosphate degradation",-0.173796883792899,0.00363389111822438,0.00793503674426393,0.0058952043216894,0.0148166442091062
"P108-PWY: pyruvate fermentation to propanoate I",-0.161377484901989,0.00358968093456712,0.0085059830423691,0.0237730848259726,0.0561866473137464
"PWY-5941: glycogen degradation II (eukaryotic)",0.186576574424575,0.00167961223112756,0.00890831506028467,0.00237388104645285,0.00921491389638518
"THRESYN-PWY: superpathway of L-threonine biosynthesis",-0.109517141427047,0.00373854726134012,0.00922194478733512,0.000898536457321361,0.00279811281945827
"OANTIGEN-PWY: O-antigen building blocks biosynthesis (E. coli)",-0.111258701532892,0.00424259820152636,0.0103663715697177,0.0257629280813669,0.0644120431528894
"PWY-6588: pyruvate fermentation to acetone",0.164249040646518,0.00183914177171594,0.0105051382105411,0.00449400102496557,0.0167647802194486
"PWY-6113: superpathway of mycolate biosynthesis",0.1107332730738,0.00192384959548878,0.0110787141427334,0.000675973955996036,0.00314903508615449
"PWY-5676: acetyl-CoA fermentation to butanoate II",0.155810886887644,0.00203568855997579,0.0113772947842733,0.0080886812945409,0.028526465726494
"THISYNARA-PWY: superpathway of thiamin diphosphate biosynthesis III (eukaryotes)",0.120633069908265,0.00198008343511359,0.0115755577301052,0.000111742100115442,0.000626235477622649
"PWY-241: C4 photosynthetic carbon assimilation cycle, NADP-ME type",-0.106812793567382,0.00496445486759355,0.0119182589162952,0.134522096505842,0.289228059765022
"PWY66-389: phytol degradation",-0.121122750995785,0.00500697641772229,0.0119772283758581,0.173756207450631,0.360417813784009
"HOMOSER-METSYN-PWY: L-methionine biosynthesis I",-0.108251921704186,0.00527865154304526,0.0126393827099661,0.137064844738253,0.29698860312234
"RHAMCAT-PWY: L-rhamnose degradation I",-0.0934554041518577,0.00526475098075628,0.0126623414830641,0.872821629752612,0.99724560705789
"PWY-5871: ubiquinol-9 biosynthesis (eukaryotic)",-0.176923805721744,0.00633117710488747,0.0139345686798905,0.0200258445105311,0.0463025378744883
"PWY-5845: superpathway of menaquinol-9 biosynthesis",0.0964910694445495,0.00251264097299187,0.0142751422879185,2.25697146446439e-05,0.000146735207580976
"PWY-6353: purine nucleotides degradation II (aerobic)",0.124423573108221,0.00299843762077471,0.0161644679146166,0.00136467966689421,0.00572823255377789
"SULFATE-CYS-PWY: superpathway of sulfate assimilation and cysteine biosynthesis",-0.0946002643633597,0.00714583422187076,0.016816878058706,0.209707528949028,0.426462255204733
"PWY66-367: ketogenesis",-0.17067977470193,0.00852250164758662,0.0184759973869561,0.0114571008629709,0.0265589591022807
"PWY-6969: TCA cycle V (2-oxoglutarate:ferredoxin oxidoreductase)",0.126982094843605,0.0034255955725123,0.0186591757993172,0.000199524058234767,0.000947004279922826
"PWY-7282: 4-amino-2-methyl-5-phosphomethylpyrimidine biosynthesis (yeast)",-0.0814076261449808,0.00837519232949563,0.0195070685621357,0.188893989890412,0.390687494523425
"PWY0-1061: superpathway of L-alanine biosynthesis",0.111705841153884,0.00394654131798344,0.0213213330738176,0.000485411854347783,0.00239695547628874
"PWY-7446: sulfoglycolysis",0.160587980815515,0.00440385026362926,0.0215085700232036,0.0050374116705588,0.0181565187635601
"ASPASN-PWY: superpathway of L-aspartate and L-asparagine biosynthesis",-0.0937317044333095,0.00931357466256533,0.0215244751229623,0.187668222161656,0.392280741286749
"PWY-5690: TCA cycle II (plants and fungi)",0.111909101521158,0.00414943652543317,0.021751457628883,0.00130546607099937,0.00531267861665875
"TRPSYN-PWY: L-tryptophan biosynthesis",-0.112083532470629,0.0100429149142397,0.0231616734824974,0.0126072135760686,0.032735387555077
"P105-PWY: TCA cycle IV (2-oxoglutarate decarboxylase)",0.126075953502311,0.00448854785997353,0.0232033247785042,0.00072616922894992,0.00324759115766337
"PWY-5870: ubiquinol-8 biosynthesis (eukaryotic)",-0.15952921814018,0.0122012799504388,0.0256280157921174,0.0284176477789815,0.0656140911299256
"PWY-5505: L-glutamate and L-glutamine biosynthesis",0.148035436430632,0.00620237987854961,0.0279225815073647,0.0273848477400653,0.0843713975807614
"PWY-5873: ubiquinol-7 biosynthesis (eukaryotic)",-0.153716896376934,0.0136978728355785,0.0285448976998949,0.0328634480485699,0.0738078650780878
"TEICHOICACID-PWY: teichoic acid (poly-glycerol) biosynthesis",-0.120116517873849,0.0131507575586364,0.0297066337427329,0.053831061291507,0.12669674481699
"PWY-561: superpathway of glyoxylate cycle and fatty acid degradation",0.111171803767383,0.00604181863210521,0.0299197263051936,0.00089713608233101,0.00382549724507376
"METSYN-PWY: L-homoserine and L-methionine biosynthesis",-0.0855107480685586,0.0146056637883776,0.0327696308318995,0.223639609440231,0.452762931344789
"PWY-7254: TCA cycle VII (acetate-producers)",0.106333802221904,0.00694021247365773,0.0337381184736811,0.0010288201851937,0.00457044470650875
"PWY-7003: glycerol degradation to butanol",-0.163242667388215,0.0158734419434232,0.0337973286101063,0.0266190488475986,0.0619193215314424
"PWY-5862: superpathway of demethylmenaquinol-9 biosynthesis",0.0807739595105852,0.007003900966236,0.0342309408164566,8.85706177632985e-05,0.000487003700332005
"ENTBACSYN-PWY: enterobactin biosynthesis",0.0688005552962664,0.00732634619526502,0.0349450367361413,0.00245581425270365,0.00991063189252576
"ORNDEG-PWY: superpathway of ornithine degradation",0.108456049256034,0.00774992466112031,0.0355136812940489,0.016451749290455,0.0543900816611466
"PWY-7235: superpathway of ubiquinol-6 biosynthesis (eukaryotic)",-0.145738282056373,0.0176315446668227,0.0358654633594711,0.0421060504216689,0.0930891685893835
"PWY-7115: C4 photosynthetic carbon assimilation cycle, NAD-ME type",0.0980807975933281,0.00740936522849661,0.0361186051918446,0.0143060756173023,0.0490524359880356
"PWY-6284: superpathway of unsaturated fatty acids biosynthesis (E. coli)",-0.0733417368575157,0.0174405350033244,0.0387277738938468,0.734687796467261,0.944090610196455
"PWY-5840: superpathway of menaquinol-7 biosynthesis",-0.0594070172863701,0.0192844744850227,0.0425071066901868,0.332962697684093,0.750579333268609
"PWY-6606: guanosine nucleotides degradation II",-0.0786814388172093,0.0196200581826717,0.0433664999544893,0.171808038946267,0.361780120552556
"POLYISOPRENSYN-PWY: polyisoprenoid biosynthesis (E. coli)",-0.0925262830416397,0.0199957809191608,0.0438779048052783,0.84890598160344,0.995341685704227
"3-HYDROXYPHENYLACETATE-DEGRADATION-PWY: 4-hydroxyphenylacetate degradation",-0.140230615132719,0.0216127659156595,0.0446256109765503,0.0385818628016245,0.0845543064281865
"GLYCOLYSIS-TCA-GLYOX-BYPASS: superpathway of glycolysis, pyruvate dehydrogenase, TCA, and glyoxylate bypass",0.0721060005825536,0.0100614245226481,0.0465858551648619,0.000240455960508902,0.00123453763914179
"PWY-5178: toluene degradation IV (aerobic) (via catechol)",-0.131067931256218,0.0239054808289857,0.0480126901898808,0.0438081792750632,0.097690297772121
"PWY-6749: CMP-legionaminate biosynthesis I",0.146803394424581,0.0120512811822246,0.0487623617692297,0.00595022990713241,0.0207191588313781
"PWY-7198: pyrimidine deoxyribonucleotides de novo biosynthesis IV",0.0986602863765527,0.0111557166694466,0.0515132236478575,0.171866593643703,0.465863607812285
"TCA-GLYOX-BYPASS: superpathway of glyoxylate bypass and TCA",0.0850414025878681,0.0116433145838951,0.0530384231706759,0.000249742050027936,0.00128851044971452
"GALACTARDEG-PWY: D-galactarate degradation I",0.107103941309003,0.0119807739072095,0.0541794557234915,0.00141367665991002,0.00564429373740793
"ARGDEG-PWY: superpathway of L-arginine, putrescine, and 4-aminobutanoate degradation",0.146335869747959,0.0131922232533017,0.0568630850670672,0.0300087447867449,0.0924256193297604
"ORNARGDEG-PWY: superpathway of L-arginine and L-ornithine degradation",0.132435595898068,0.0135172600522019,0.058195097617529,0.0361647549474631,0.111817425314305
"GLUCARGALACTSUPER-PWY: superpathway of D-glucarate and D-galactarate degradation",0.115055677554272,0.013183019611915,0.0592352976908957,0.000874598315968284,0.00403086710284444
"HISDEG-PWY: L-histidine degradation I",-0.0902290142429756,0.028539313864168,0.0613107602477733,0.252708288557677,0.502007503465843
"THREOCAT-PWY: superpathway of L-threonine metabolism",-0.127942742798993,0.0312265652719046,0.063136164666015,0.043093843282826,0.0980008846550789
"P23-PWY: reductive TCA cycle I",-0.113942841271553,0.0306323946560171,0.0636245617676708,0.0561770559666426,0.125595422004083
"PWY-1622: formaldehyde assimilation I (serine pathway)",0.159698636489615,0.01550439630353,0.0637308274514541,0.0437687898986282,0.129769741870268
"AEROBACTINSYN-PWY: aerobactin biosynthesis",0.157564132507608,0.0164285625530695,0.0640238775111889,0.03118167177011,0.0915362158299508
"PWY-5347: superpathway of L-methionine biosynthesis (transsulfuration)",-0.0728140382149672,0.0305181627494359,0.0651298535941696,0.354129391645259,0.65982929473941
"PWY-5030: L-histidine degradation III",0.126150684248374,0.0150509710450207,0.065484589010431,0.0570966987417737,0.1730421046786
"MET-SAM-PWY: superpathway of S-adenosyl-L-methionine biosynthesis",-0.0802535238764327,0.0353121527182762,0.0749268007333802,0.39155848748408,0.710761081016832
"THISYN-PWY: superpathway of thiamin diphosphate biosynthesis I",0.054636874315464,0.0174260108064205,0.075632116401117,0.00113589272496941,0.00504769606665008
"PWY-3001: superpathway of L-isoleucine biosynthesis I",-0.0811817239618587,0.038749688710587,0.0820417802969094,0.00907527758391109,0.0246317302357817
"PWY-6895: superpathway of thiamin diphosphate biosynthesis II",0.0530176571615799,0.0201270003440495,0.0847991050357588,0.00987677571399176,0.0351541302196878
"PWY-7094: fatty acid salvage",0.133702898345932,0.0208162271094174,0.0861147888981399,0.0239962942268019,0.0768904168786877
"PWY0-1277: 3-phenylpropanoate and 3-(3-hydroxyphenyl)propanoate degradation",0.140049146225068,0.0223488527235437,0.0913301074749957,0.0366032750567634,0.112252496461561
"PWY0-1338: polymyxin resistance",-0.115183373425905,0.0488737572759831,0.0988762767215011,0.152665452186607,0.313148381510531
"UDPNACETYLGALSYN-PWY: UDP-N-acetyl-D-glucosamine biosynthesis II",-0.127923433088935,0.0542009466483841,0.102407527576043,0.0756507617346382,0.153703681833132
"PWY-6690: cinnamate and 3-hydroxycinnamate degradation to 2-oxopent-4-enoate",0.113035952215478,0.0260030754065839,0.103177834196458,0.0464222792427709,0.136294618711249
"URSIN-PWY: ureide biosynthesis",-0.119892607683825,0.0590944593092597,0.107719171461441,0.0802578099612559,0.154546265495003
"PWY0-1415: superpathway of heme biosynthesis from uroporphyrinogen-III",0.0853848826114176,0.0266513889276102,0.109156399060356,0.0477056497802159,0.145148290892452
"HCAMHPDEG-PWY: 3-phenylpropanoate and 3-(3-hydroxyphenyl)propanoate degradation to 2-oxopent-4-enoate",0.116121585389349,0.0294802235725295,0.114993351216512,0.0466685091528271,0.140333630657289
"PWY0-1261: anhydromuropeptides recycling",-0.0392855635702123,0.0588768652340941,0.120503245629059,0.819389741808693,0.977544623931951
"PWY-5897: superpathway of menaquinol-11 biosynthesis",-0.0626655208393879,0.0649275550197153,0.131922613887006,0.651192502681628,0.960052763613093
"PWY-5898: superpathway of menaquinol-12 biosynthesis",-0.0638660966906412,0.0683372169046732,0.138009054117224,0.631136958702427,0.96100782393847
"PWY-5899: superpathway of menaquinol-13 biosynthesis",-0.0651103928327716,0.0688448803157545,0.138984385087067,0.607176311487667,0.952498611332257
"PWY0-1479: tRNA processing",0.0531465111233982,0.0367348803335685,0.144473901067458,0.00583561672727783,0.0216716632690058
"GLYOXYLATE-BYPASS: glyoxylate cycle",0.0861395209549816,0.0373592213631542,0.146659878245796,0.00115151045565504,0.00502584150815845
"PWY-5989: stearate biosynthesis II (bacteria and plants)",0.0808797936553064,0.0374711966940109,0.14698364480423,0.000232272734434845,0.00125701358734396
"PWY-5896: superpathway of menaquinol-10 biosynthesis",0.0746110214575879,0.0379710201841011,0.148134280242338,0.00126359797026653,0.00541029893002716
"GLUCARDEG-PWY: D-glucarate degradation I",0.0878849833236353,0.0409098975902,0.157978680442936,0.00287044174616066,0.0113318509042681
"PWY-5850: superpathway of menaquinol-6 biosynthesis I",0.0596516632552045,0.0419541777486745,0.162006990625962,0.00153518966418731,0.00643114890442315
"PWY-7616: methanol oxidation to carbon dioxide",-0.0920971348065567,0.0858430432034653,0.162137216092711,0.140424324157939,0.270326899070946
"FUC-RHAMCAT-PWY: superpathway of fucose and rhamnose degradation",0.0834185928687073,0.0423374697779805,0.163242362340001,0.00924168586205448,0.0333655978818181
"PWY-6549: L-glutamine biosynthesis III",0.105707923938195,0.0454105036395982,0.164588177319226,0.10082672283333,0.257935738103742
"PWY-5464: superpathway of cytosolic glycolysis (plants), pyruvate dehydrogenase and TCA cycle",-0.0987821993687624,0.092175873183382,0.169287657260476,0.105696328821343,0.21427325916077
"PWY-5154: L-arginine biosynthesis III (via N-acetyl-L-citrulline)",-0.0641730065279233,0.0869406713817707,0.173026013009868,0.111073521531947,0.243316905837897
"PWY-5857: ubiquinol-10 biosynthesis (prokaryotic)",-0.0971435755843631,0.0884428497852662,0.173311639515007,0.662305791574503,0.894277192860665
"PWY-6837: fatty acid beta-oxidation V (unsaturated, odd number, di-isomerase-dependent)",-0.0820313319215302,0.0919890768581081,0.179387296033939,0.690104793219407,0.899687015223155
"PWY-6285: superpathway of fatty acids biosynthesis (E. coli)",-0.0406059520314117,0.0923343983063805,0.182856653858754,0.778564596898678,0.969987212799005
"TCA: TCA cycle I (prokaryotic)",0.0580827721695849,0.0489059071541444,0.185817827174557,0.00234145212753533,0.00966633852245827
"PWY-5855: ubiquinol-7 biosynthesis (prokaryotic)",-0.078624524110177,0.0957900347367665,0.186159000616744,0.624683908977658,0.867031968430635
"PWY-6708: ubiquinol-8 biosynthesis (prokaryotic)",-0.0714720882825005,0.097549762073073,0.18989393212207,0.698158209035995,0.894180261668706
"PWY-5856: ubiquinol-9 biosynthesis (prokaryotic)",-0.0729857716259057,0.0993593706524742,0.192048545118544,0.648528818966174,0.860544072890147
"HEMESYN2-PWY: heme biosynthesis II (anaerobic)",-0.0601603933587381,0.100666939496164,0.197563977825872,0.582011969149073,0.878575717933062
"GLCMANNANAUT-PWY: superpathway of N-acetylglucosamine, N-acetylmannosamine and N-acetylneuraminate degradation",-0.0893540918573928,0.100767817347892,0.197949123289684,0.711219800749633,0.955006424320498
"PWY-6901: superpathway of glucose and xylose degradation",0.0460450697765804,0.0528182660244697,0.198828563745528,0.00129758304712295,0.00559742742741156
"PWY-6892: thiazole biosynthesis I (E. coli)",0.0536191284018323,0.0532937987207905,0.200998730370846,0.00627078518731868,0.0232853754517334
"PWY-7111: pyruvate fermentation to isobutanol (engineered)",-0.0654165873881227,0.11699501700457,0.227622227162134,0.0210048037466259,0.0539513584975657
"FERMENTATION-PWY: mixed acid fermentation",-0.046346778296937,0.122380267462022,0.236935699958082,0.698911590187054,0.931120413466815
"ARGSYN-PWY: L-arginine biosynthesis I (via L-ornithine)",-0.0543673071023268,0.131716900994593,0.253744550544444,0.183984748438533,0.390387351721579
"PWY-7345: superpathway of anaerobic sucrose degradation",-0.105230467858865,0.145978939951168,0.259747728724867,0.155633959578789,0.31278012830303
"PWY-5860: superpathway of demethylmenaquinol-6 biosynthesis I",0.0560654435229806,0.0717070428730122,0.260903344466496,0.00218078806032187,0.00905940102890841
"PWY-6803: phosphatidylcholine acyl editing",0.0756835852471725,0.0821798893951019,0.293845678297195,0.00546674455926713,0.0204056029793051
"PWY-3801: sucrose degradation II (sucrose synthase)",-0.0601900329783318,0.167075823280537,0.29435488406978,0.17977220406469,0.35195920604961
"RUMP-PWY: formaldehyde oxidation I",-0.0895523083464599,0.164045623788635,0.308422835561402,0.208769533808255,0.421266623780449
"PWY-7400: L-arginine biosynthesis IV (archaebacteria)",-0.0571149977963236,0.162731445404718,0.308559418599858,0.212488892060199,0.445240328625984
"PWY-5097: L-lysine biosynthesis VI",-0.0536333167797151,0.193864253275828,0.362698331475408,0.514957330472483,0.909401277909657
"BRANCHED-CHAIN-AA-SYN-PWY: superpathway of branched amino acid biosynthesis",-0.0437654174791782,0.202183470760526,0.377214463795724,0.0603879761601063,0.141914941537495
"PWY-6470: peptidoglycan biosynthesis V (&beta;-lactam resistance)",0.0969260921113424,0.124388045708003,0.389304494351553,0.14051516256826,0.377040698064226
"PWY-7242: D-fructuronate degradation",0.061755173574591,0.113238963995799,0.389493584611547,0.11751896024921,0.329990275806179
"PWY-6737: starch degradation V",0.0701623826572745,0.112551155593535,0.391706698238445,0.0967424251194374,0.283218998985411
"PWY-5723: Rubisco shunt",0.0662959233146557,0.113919234957346,0.393244148983288,0.00401855428825705,0.0155210259348077
"PWY-5392: reductive TCA cycle II",-0.0733157038043446,0.258462267828769,0.405659466770292,0.290724933127468,0.476003130449594
"PWY-5675: nitrate reduction V (assimilatory)",0.061427621666999,0.124269236616196,0.424190328729411,0.140729822908052,0.371487675680274
"PWY-5103: L-isoleucine biosynthesis III",-0.0501284051256832,0.235510853397555,0.434036948348992,0.0690092367838904,0.1602749653009
"PWY-724: superpathway of L-lysine, L-threonine and L-methionine biosynthesis II",-0.0447809530064459,0.238221751941271,0.438519612028972,0.562517476029617,0.934526246432881
"PWY-7269: NAD/NADP-NADH/NADPH mitochondrial interconversion (yeast)",-0.0533566104615266,0.256754723436208,0.456689733353552,0.362362719554011,0.613248571813703
"PWY-5415: catechol degradation I (meta-cleavage pathway)",-0.0468395183915974,0.266372703350757,0.45798543318158,0.34995973771794,0.591223524503909
"PRPP-PWY: superpathway of histidine, purine, and pyrimidine biosynthesis",0.0255653443304513,0.13780300583578,0.461550537467389,0.00358876622805574,0.0135560200312643
"HSERMETANA-PWY: L-methionine biosynthesis III",0.0676248354989508,0.142013087653612,0.478440720176395,0.138360644650055,0.390808906349952
"PWY-7409: phospholipid remodeling (phosphatidylethanolamine, yeast)",0.0830632531413726,0.20870444973552,0.490940525584555,0.296223599779188,0.551176684254773
"FUCCAT-PWY: fucose degradation",0.0544520924188084,0.158659764038142,0.514915814827469,0.0625042710261918,0.182756726996993
"PWY-6891: thiazole biosynthesis II (Bacillus)",0.0370875695125928,0.158125502317903,0.519372542137112,0.0639237051839317,0.190042633980198
"PWY-5913: TCA cycle VI (obligate autotrophs)",0.0500556464401343,0.157768520208486,0.521835872031834,0.0382139082383884,0.122569398280839
"ILEUSYN-PWY: L-isoleucine biosynthesis I (from threonine)",-0.0547693895807532,0.291488522491355,0.527607892857949,0.0750351280875982,0.173484675728895
"VALSYN-PWY: L-valine biosynthesis",-0.0528044150553521,0.291782448813886,0.528329060117283,0.0549456098361422,0.130912297405421
"ARGSYNBSUB-PWY: L-arginine biosynthesis II (acetyl cycle)",-0.0380610247665531,0.294475244731658,0.532901047769597,0.290508933867145,0.583554320773493
"PWY-4041: &gamma;-glutamyl cycle",0.0510341415877053,0.162353898949999,0.533341785628812,0.0829304154789137,0.245521479513559
"PWY1G-0: mycothiol biosynthesis",-0.0406452899150415,0.389231958444247,0.560928605371733,0.475351765737868,0.680148024567208
"FAO-PWY: fatty acid &beta;-oxidation I",0.038278359186559,0.182863900394058,0.588608308057535,0.0179355795551186,0.0607081564163694
"PWY-6519: 8-amino-7-oxononanoate biosynthesis I",0.0346893988529234,0.187822462963057,0.60237743303757,0.00651908180413648,0.0243166508650201
"ALLANTOINDEG-PWY: superpathway of allantoin degradation in yeast",-0.0476425693612338,0.446155720087862,0.612604397369275,0.524378823448551,0.740500731724243
"PWY-5136: fatty acid &beta;-oxidation II (peroxisome)",0.0554266143284969,0.216257070125617,0.672034336191303,0.0209719034919031,0.0693636249818475
"COBALSYN-PWY: adenosylcobalamin salvage from cobinamide I",0.0342948542442258,0.220024377147105,0.680801070149974,0.0241273281772036,0.0787142635355101
"PWY-6630: superpathway of L-tyrosine biosynthesis",0.0311151171173815,0.22785927012128,0.695714174460196,0.0281375001726302,0.0912121594864687
"PWY-6628: superpathway of L-phenylalanine biosynthesis",-0.0303337308496877,0.394187521639506,0.696532812370581,0.673846282265454,0.948148387847721
"PWY-7117: C4 photosynthetic carbon assimilation cycle, PEPCK type",0.0473473761239391,0.224104284097894,0.696702045688984,0.0205880462094504,0.0704344183273856
"BIOTIN-BIOSYNTHESIS-PWY: biotin biosynthesis I",0.0351985761257476,0.227363262157664,0.705885807330398,0.0116188857366738,0.0409570370377697
"ARGININE-SYN4-PWY: L-ornithine de novo  biosynthesis",0.0569346579042658,0.235597981408007,0.726477131648045,0.131659344684349,0.368539017337356
"PWY-7385: 1,3-propanediol biosynthesis (engineered)",-0.050620503767109,0.518473317076698,0.732739462294539,0.5004462459891,0.720805047333053
"P441-PWY: superpathway of N-acetylneuraminate degradation",-0.0223611616474585,0.427640053887858,0.746588801666301,0.357540240902971,0.767271267132165
"ARG+POLYAMINE-SYN: superpathway of arginine and polyamine biosynthesis",0.0357613950997181,0.262076521664198,0.776113217291589,0.0604463193851793,0.175109996838521
"PWY-181: photorespiration",-0.0258415097428268,0.657948216386388,0.825361811870492,0.64161013743352,0.847343881321521
"PWY-6071: superpathway of phenylethylamine degradation",0.0437961433543025,0.531496519708476,0.833156646063174,0.571685090612486,0.837264323384521
"ECASYN-PWY: enterobacterial common antigen biosynthesis",-0.031500756352486,0.558979218727179,0.847460986281337,0.648666926560431,0.935619584711649
"PHOSLIPSYN-PWY: superpathway of phospholipid biosynthesis I (bacteria)",-0.0126294916782988,0.497705513167365,0.850854819169495,0.375247351431892,0.786560041513667
"POLYAMSYN-PWY: superpathway of polyamine biosynthesis I",0.0325100438689903,0.299474901353782,0.860167483935313,0.0801571342371917,0.234178298041418
"GLYCOLYSIS-E-D: superpathway of glycolysis and Entner-Doudoroff",-0.0157654958384129,0.513705910931514,0.862521691500619,0.429476635966532,0.836649320615074
"PWY-5920: superpathway of heme biosynthesis from glycine",-0.018131098760078,0.550002730263853,0.869646338759427,0.659530427872346,0.957288823812342
"UBISYN-PWY: superpathway of ubiquinol-8 biosynthesis (prokaryotic)",-0.026915937248803,0.614090386705289,0.870630614996412,0.516163033225052,0.82811052999751
"PWY0-321: phenylacetate degradation I (aerobic)",0.015495587377303,0.5800262970157,0.881314578551565,0.613638137759934,0.863203018152167
"HISTSYN-PWY: L-histidine biosynthesis",0.0436621636161781,0.302979022889618,0.889919078215087,0.55387729371369,0.995870306042899
"PWY-7039: phosphatidate metabolism, as a signaling molecule",0.0104393773711464,0.76248923223029,0.903609869417571,0.771539453987746,0.931588214624618
"CENTFERM-PWY: pyruvate fermentation to butanoate",0.00486409464941101,0.771484442408252,0.919578073721083,0.729028821813499,0.909659109402161
"PWY-6590: superpathway of Clostridium acetobutylicum acidogenic fermentation",0.00659049789691332,0.819579322209442,0.934570575939886,0.780685507832381,0.924182941411789
"PWY-821: superpathway of sulfur amino acid biosynthesis (Saccharomyces cerevisiae)",0.03166091793645,0.360256933287846,0.934804060866969,0.438813403915902,0.865073085162778
"PWY-5971: palmitate biosynthesis II (bacteria and plants)",-0.0102893902338196,0.589352314604508,0.948675842828444,0.26353785239465,0.641759519185709
"REDCITCYC: TCA cycle VIII (helicobacter)",-0.00273491163071629,0.784110613367903,0.953138371664338,0.78212994521723,0.951954659216333
"PWY-7196: superpathway of pyrimidine ribonucleosides salvage",0.022453762980235,0.676263230756916,0.95642521965122,0.676640917519917,0.93614454891518
"P621-PWY: nylon-6 oligomer degradation",0.016426277557238,0.766503155777643,0.962660025522872,0.7540318039285,0.938755436382849
"PWY-1269: CMP-3-deoxy-D-manno-octulosonate biosynthesis I",0.0242031788910368,0.400222770804046,0.972562119913097,0.0929451473339121,0.269013643252653
"PWY-5180: toluene degradation I (aerobic) (via o-cresol)",-0.0106491902848227,0.830272951580618,0.973644351126849,0.842320812181087,0.97018268368039
"PWY-6305: putrescine biosynthesis IV",0.0439315982813257,0.395488817898791,0.978946920259107,0.077279838244142,0.227792792158982
"PWY-5182: toluene degradation II (aerobic) (via 4-methylcatechol)",-0.00182364828190107,0.833726564003,0.979434950694164,0.828124768002879,0.982832978008297
"AST-PWY: L-arginine degradation II (AST pathway)",0.0178343087587274,0.527212867596378,0.979620393536678,0.0680092943630061,0.20050586642086
"PWY4LZ-257: superpathway of fermentation (Chlamydomonas reinhardtii)",-0.00746294991268031,0.735321710473143,0.987771746023458,0.110937893981243,0.306767699091257
"FASYN-ELONG-PWY: fatty acid elongation -- saturated",-0.0132800013218771,0.70378895470811,0.991442671691171,0.0183685387270313,0.0632525685447148
"PWY-6282: palmitoleate biosynthesis I (from (5Z)-dodec-5-enoate)",-0.0137395489559024,0.757591763754136,0.995850378302061,0.0133534341080604,0.0480616198549978
"GLYCOGENSYNTH-PWY: glycogen biosynthesis I (from ADP-D-Glucose)",-0.0212249025924409,0.701036140157747,0.996512518890533,0.418128318541924,0.913145919334332
"NAGLIPASYN-PWY: lipid IVA biosynthesis",-0.00909634216841896,0.788790391701429,0.997074504305087,0.47670643067895,0.845964377214744
"PWY-5345: superpathway of L-methionine biosynthesis (by sulfhydrylation)",0.0252948026813461,0.604793096010404,0.999386810486798,0.71294228712241,0.987241202044347
"PWY-7315: dTDP-N-acetylthomosamine biosynthesis",0.0263164221355381,0.597037769457915,0.99964874244,0.0497558129211873,0.151280416694391
"FASYN-INITIAL-PWY: superpathway of fatty acid biosynthesis initiation (E. coli)",-0.0179577477653519,0.833976753475961,0.999835676190989,0.0625405386586218,0.190253180167618
"PWY-7388: octanoyl-[acyl-carrier protein] biosynthesis (mitochondria, yeast)",0.00200754450631795,0.928535013228897,1,0.0391773896644978,0.125545435776667
"PWY-7664: oleate biosynthesis IV (anaerobic)",-0.0138572736923215,0.855378321074143,1,0.00907446065477107,0.0340700262878839
"PWY-6527: stachyose degradation",-0.00314650602663461,0.94042481074124,1,0.0581262262658324,0.177399979033656
"SER-GLYSYN-PWY: superpathway of L-serine and glycine biosynthesis I",-0.0136147197561736,0.88627161822108,1,0.303487042819054,0.612006593983434
"GLUTORN-PWY: L-ornithine biosynthesis",0.000948366797577879,0.933491323394907,1,0.89382065382955,0.999626551033712
"DTDPRHAMSYN-PWY: dTDP-L-rhamnose biosynthesis I",-0.00411503414095825,0.865716004309917,1,0.919666962404277,1
"PWY-5083: NAD/NADH phosphorylation and dephosphorylation",-0.00184468261096336,0.929770991127631,1,0.135869863997424,0.358914065400715
"CITRULBIO-PWY: L-citrulline biosynthesis",0.0057782187147381,0.942346060389568,1,0.499658843108723,0.955253924060741
"PWY-6507: 4-deoxy-L-threo-hex-4-enopyranuronate degradation",0.0284593830129635,0.575881716874092,1,0.232795632425932,0.585805905944071
