"pathway","lfc","p","fdr"
"P124-PWY: Bifidobacterium shunt",-0.694306234716195,4.23812111336426e-28,1.63167662864524e-25
"PWY3O-355: stearate biosynthesis III (fungi)",-0.590095768705539,7.74003967900404e-23,1.48995763820828e-20
"PWY-4702: phytate degradation I",-0.730501300621426,1.64454250859897e-21,2.11049621936867e-19
"PWY-7328: superpathway of UDP-glucose-derived O-antigen building blocks biosynthesis",-0.586839800820432,5.37857866900977e-21,5.1768819689219e-19
"PYRIDNUCSAL-PWY: NAD salvage pathway I",-0.41430151030238,1.94051471517926e-18,1.49419633068803e-16
"PWY-2723: trehalose degradation V",-0.500882358022971,4.66313647418163e-18,2.99217923759988e-16
"PWY66-367: ketogenesis",0.565716937048979,5.65200244973198e-17,3.10860134735259e-15
"GLUDEG-I-PWY: GABA shunt",-0.557008074794095,1.58564975253741e-16,7.63093943408631e-15
"PWY-7039: phosphatidate metabolism, as a signaling molecule",-0.315522224595681,2.39775173628972e-16,1.02570490941283e-14
"CODH-PWY: reductive acetyl coenzyme A pathway",0.648077168403515,3.815809387254e-16,1.46908661409279e-14
"PWY-6837: fatty acid beta-oxidation V (unsaturated, odd number, di-isomerase-dependent)",0.483727159022451,5.58606928859302e-16,1.95512425100756e-14
"GALACT-GLUCUROCAT-PWY: superpathway of hexuronide and hexuronate degradation",-0.510265318068349,9.48927810095605e-16,2.82022282339911e-14
"PWY0-1338: polymyxin resistance",0.48268350159608,9.52283031277621e-16,2.82022282339911e-14
"PWY0-1296: purine ribonucleosides degradation",0.544875323754301,1.3098838471811e-15,3.60218057974803e-14
"PYRIDNUCSYN-PWY: NAD biosynthesis I (from aspartate)",-0.392903388237545,1.73693895152091e-15,4.45814330890368e-14
"GLYCOCAT-PWY: glycogen degradation I (bacterial)",-0.444072439919239,2.31924036946448e-15,5.58067213902391e-14
"SALVADEHYPOX-PWY: adenosine nucleotides degradation II",-0.478175042385444,1.29659272225078e-14,2.7732677670364e-13
"PWY-5384: sucrose degradation IV (sucrose phosphorylase)",-0.380124287283102,1.22772023973331e-14,2.7732677670364e-13
"GLUCUROCAT-PWY: superpathway of &beta;-D-glucuronide and D-glucuronate degradation",-0.475531159649349,1.71018913730874e-14,3.46538325191508e-13
"PWY-7391: isoprene biosynthesis II (engineered)",0.62019672711607,2.30770366008227e-14,4.44232954565836e-13
"PWY-622: starch biosynthesis",-0.316253019268875,4.72857381774924e-14,8.66905199920694e-13
"PWY-5910: superpathway of geranylgeranyldiphosphate biosynthesis I (via mevalonate)",0.695524407256112,5.47458985545163e-14,9.58053224704036e-13
"PWY-6318: L-phenylalanine degradation IV (mammalian, via side chain)",0.388333132025436,1.77667689839033e-13,2.97400263426208e-12
"PWY-5464: superpathway of cytosolic glycolysis (plants), pyruvate dehydrogenase and TCA cycle",0.368088144429801,2.43668264476551e-13,3.90884507597801e-12
"GLUCOSE1PMETAB-PWY: glucose and glucose-1-phosphate degradation",-0.39894757814174,5.28254981272548e-13,8.13512671159724e-12
"PWY-4361: S-methyl-5-thio-&alpha;-D-ribose 1-phosphate degradation",0.146804825015128,7.33005908088822e-13,1.08541259466999e-11
"PWY-5138: unsaturated, even numbered fatty acid &beta;-oxidation",0.549327172635884,8.2766911842196e-13,1.18019485404613e-11
"PWY-5417: catechol degradation III (ortho-cleavage pathway)",0.206943840693207,9.57849313778794e-13,1.27162753725805e-11
"PWY-5431: aromatic compounds degradation via &beta;-ketoadipate",0.206943840693207,9.57849313778794e-13,1.27162753725805e-11
"PWY-922: mevalonate pathway I",0.706401042190122,1.33178772734166e-12,1.70912758342179e-11
"DAPLYSINESYN-PWY: L-lysine biosynthesis I",-0.276647327155434,1.46878684308058e-12,1.82413849866459e-11
"NONMEVIPP-PWY: methylerythritol phosphate pathway I",-0.421974922153555,2.30134774704978e-12,2.76880900816927e-11
"PWY-7560: methylerythritol phosphate pathway II",-0.377295432092152,4.28119983156619e-12,4.99473313682723e-11
"PWY0-1297: superpathway of purine deoxyribonucleosides degradation",0.511554088085748,1.31782784436231e-11,1.49224623552791e-10
"PWY-7197: pyrimidine deoxyribonucleotide phosphorylation",0.491221559572635,1.88683791560275e-11,2.07552170716302e-10
"ECASYN-PWY: enterobacterial common antigen biosynthesis",0.371049642696659,2.90002740952403e-11,3.10141820185209e-10
"PWY-7046: 4-coumarate degradation (anaerobic)",-0.37354690450618,4.32190324525365e-11,4.49711553898015e-10
"PWY-6270: isoprene biosynthesis I",-0.404331579108104,9.26670022977562e-11,9.38863049595687e-10
"CATECHOL-ORTHO-CLEAVAGE-PWY: catechol degradation to &beta;-ketoadipate",0.185253757152432,1.00492765952699e-10,9.92043971584336e-10
"THISYNARA-PWY: superpathway of thiamin diphosphate biosynthesis III (eukaryotes)",-0.212817134572381,1.04373044690599e-10,1.00459055514702e-09
"PWY-7196: superpathway of pyrimidine ribonucleosides salvage",-0.23856460950657,1.16107718723931e-10,1.0902797977735e-09
"PROTOCATECHUATE-ORTHO-CLEAVAGE-PWY: protocatechuate degradation II (ortho-cleavage pathway)",0.203924415783545,1.53679546540703e-10,1.40872917662311e-09
"PWY-7208: superpathway of pyrimidine nucleobases salvage",0.458244087373189,2.05860685096659e-10,1.75235925729086e-09
"PWY-5855: ubiquinol-7 biosynthesis (prokaryotic)",0.384593683772605,2.13924376864079e-10,1.75235925729086e-09
"PWY-5856: ubiquinol-9 biosynthesis (prokaryotic)",0.384593683772605,2.13924376864079e-10,1.75235925729086e-09
"PWY-5857: ubiquinol-10 biosynthesis (prokaryotic)",0.384593683772605,2.13924376864079e-10,1.75235925729086e-09
"PWY-6708: ubiquinol-8 biosynthesis (prokaryotic)",0.384593683772605,2.13924376864079e-10,1.75235925729086e-09
"UBISYN-PWY: superpathway of ubiquinol-8 biosynthesis (prokaryotic)",0.336442909496336,6.90459300575673e-10,5.53805897336737e-09
"PWY-6731: starch degradation III",-0.385368704176208,9.71825343585518e-10,7.63577055674336e-09
"PWY-5994: palmitate biosynthesis I (animals and fungi)",-0.151314568064284,1.14125077128382e-09,8.78763093888539e-09
"PWY-6182: superpathway of salicylate degradation",0.174197826669324,1.93618467254831e-09,1.46162960574726e-08
"METHGLYUT-PWY: superpathway of methylglyoxal degradation",-0.298154495481528,2.26659038185956e-09,1.67814864810756e-08
"PWY-6353: purine nucleotides degradation II (aerobic)",-0.276706130413556,3.05883808011934e-09,2.22198615253952e-08
"PWY-6609: adenine and adenosine salvage III",0.417339600723171,7.56419507089531e-09,5.39299093017536e-08
"PWY-7209: superpathway of pyrimidine ribonucleosides degradation",-0.275547405604806,9.13950776819633e-09,6.39765543773743e-08
"PWY-7198: pyrimidine deoxyribonucleotides de novo biosynthesis IV",-0.263660648648042,9.4734654995287e-09,6.51300753092598e-08
"COLANSYN-PWY: colanic acid building blocks biosynthesis",-0.269005087426658,1.04141741817071e-08,7.03413519290746e-08
"ARGORNPROST-PWY: arginine, ornithine and proline interconversion",0.507804871890702,1.61743138480322e-08,1.07363979853317e-07
"PWY66-409: superpathway of purine nucleotide salvage",0.414132963420905,1.89249821900756e-08,1.23493527850493e-07
"P164-PWY: purine nucleobases degradation I (anaerobic)",0.50291967583485,2.10929814522e-08,1.3534663098495e-07
"PWY-7616: methanol oxidation to carbon dioxide",0.183218159772775,2.18149292077217e-08,1.3768438926185e-07
"PWY-7199: pyrimidine deoxyribonucleosides salvage",0.421661530813781,2.60613633624251e-08,1.61832659589253e-07
"PWY66-399: gluconeogenesis III",0.374924558016381,2.67711286362973e-08,1.63601341666261e-07
"PWY-7383: anaerobic energy metabolism (invertebrates, cytosol)",0.369695019683625,2.96874318888051e-08,1.78588457456093e-07
"PWY-5656: mannosylglycerate biosynthesis I",-0.344314668520043,3.32430629495517e-08,1.96901219008883e-07
"LACTOSECAT-PWY: lactose and galactose degradation I",0.597350514074083,3.64657574715158e-08,2.12716918583842e-07
"PWY-4984: urea cycle",-0.224187678927472,3.80135606014545e-08,2.18436131814328e-07
"PWY-6185: 4-methylcatechol degradation (ortho cleavage)",0.118772286482246,5.36036180654888e-08,3.03491072870782e-07
"PWY-6071: superpathway of phenylethylamine degradation",0.368155487122005,6.21818485890246e-08,3.46956691402528e-07
"PWY-6545: pyrimidine deoxyribonucleotides de novo biosynthesis III",0.402566955543152,9.33968089812968e-08,5.13682449397133e-07
"PWY-7385: 1,3-propanediol biosynthesis (engineered)",-0.243222777374729,1.01836336287817e-07,5.52211119307178e-07
"PWY0-1061: superpathway of L-alanine biosynthesis",-0.223320579226904,1.10422474017561e-07,5.9045350689946e-07
"PWY0-845: superpathway of pyridoxal 5-phosphate biosynthesis and salvage",-0.250894935824895,1.60436138797546e-07,8.46135800507607e-07
"P125-PWY: superpathway of (R,R)-butanediol biosynthesis",0.57903100289199,1.64737212252519e-07,8.57078739421888e-07
"PWY-6737: starch degradation V",-0.144826790420283,2.59384585092842e-07,1.33150753680992e-06
"PWYG-321: mycolate biosynthesis",-0.117671683766377,4.41146094197473e-07,2.23475324034246e-06
"AEROBACTINSYN-PWY: aerobactin biosynthesis",0.378878418203275,4.79933017770715e-07,2.39966508885357e-06
"PWY-6749: CMP-legionaminate biosynthesis I",0.465123999194739,5.15972985646061e-07,2.54678973684274e-06
"PWY-7456: mannan degradation",-0.142153641676701,5.70006560081335e-07,2.77788007128245e-06
"PWY-7288: fatty acid &beta;-oxidation (peroxisome, yeast)",0.333670824221554,6.11687676478892e-07,2.94374694305467e-06
"PWY0-1298: superpathway of pyrimidine deoxyribonucleosides degradation",0.427394923470007,6.73100569391829e-07,3.19930517550437e-06
"PWY-7117: C4 photosynthetic carbon assimilation cycle, PEPCK type",-0.103683634619253,7.95369130202591e-07,3.73435506253656e-06
"PWY-5989: stearate biosynthesis II (bacteria and plants)",-0.146733872570397,8.59199068306545e-07,3.80220277354046e-06
"ARGININE-SYN4-PWY: L-ornithine de novo  biosynthesis",-0.147689533936491,8.45587578065749e-07,3.80220277354046e-06
"PWY-5022: 4-aminobutanoate degradation V",-0.265294399882774,8.56732888105542e-07,3.80220277354046e-06
"PWY0-1415: superpathway of heme biosynthesis from uroporphyrinogen-III",-0.24140963554245,8.19893382659661e-07,3.80220277354046e-06
"PWY0-321: phenylacetate degradation I (aerobic)",0.331260324247632,8.56651588618643e-07,3.80220277354046e-06
"PWY-7184: pyrimidine deoxyribonucleotides de novo biosynthesis I",0.3869143777183,9.05466455655221e-07,3.96141574349159e-06
"PWY-7228: superpathway of guanosine nucleotides de novo biosynthesis I",0.370083931005971,1.06582446165037e-06,4.61058896331903e-06
"P4-PWY: superpathway of L-lysine, L-threonine and L-methionine biosynthesis I",-0.147840293846545,1.25037183553274e-06,5.34881285200119e-06
"PWY-7200: superpathway of pyrimidine deoxyribonucleoside salvage",0.467476371623158,1.70664636459466e-06,7.22042692713124e-06
"TCA: TCA cycle I (prokaryotic)",-0.166771961626626,2.35798357143384e-06,9.86764864132641e-06
"HSERMETANA-PWY: L-methionine biosynthesis III",-0.20625436842403,2.76189498744526e-06,1.14327649359889e-05
"LPSSYN-PWY: superpathway of lipopolysaccharide biosynthesis",-0.254676179700712,2.7913763739817e-06,1.14327649359889e-05
"PWY-6895: superpathway of thiamin diphosphate biosynthesis II",-0.189730740017769,3.14801326206308e-06,1.2757737956782e-05
"PWY-5861: superpathway of demethylmenaquinol-8 biosynthesis",-0.188220734185188,4.84824535897153e-06,1.94434839917087e-05
"PWY-6629: superpathway of L-tryptophan biosynthesis",-0.192791527240331,5.73546120085175e-06,2.25321690033462e-05
"PWY-7115: C4 photosynthetic carbon assimilation cycle, NAD-ME type",-0.157478151718266,5.72802801557727e-06,2.25321690033462e-05
"PWY-2941: L-lysine biosynthesis II",0.43060587586039,5.91992684374503e-06,2.30219377256751e-05
"PWY-7234: inosine-5-phosphate biosynthesis III",0.370415142632843,6.568499206766e-06,2.52887219460491e-05
"PWY-6470: peptidoglycan biosynthesis V (&beta;-lactam resistance)",0.54293885755109,9.59366669127152e-06,3.656991758554e-05
"PYRIDOXSYN-PWY: pyridoxal 5-phosphate biosynthesis I",-0.216041652971446,1.06303845068249e-05,3.97349323798795e-05
"PWY-5121: superpathway of geranylgeranyl diphosphate biosynthesis II (via MEP)",-0.170800855684106,1.06217528122493e-05,3.97349323798795e-05
"PWY-6125: superpathway of guanosine nucleotides de novo biosynthesis II",0.343618960508081,1.11328343707963e-05,4.12128964688131e-05
"PWY-6700: queuosine biosynthesis",0.346020287877002,1.13681427269959e-05,4.16831899989849e-05
"PWY-5838: superpathway of menaquinol-8 biosynthesis I",-0.170578714992022,1.14789542301703e-05,4.16924281001469e-05
"PWY0-1479: tRNA processing",-0.15391061999009,1.19240327644105e-05,4.25069686509078e-05
"THISYN-PWY: superpathway of thiamin diphosphate biosynthesis I",-0.132716092880202,1.18701685914658e-05,4.25069686509078e-05
"PWY-5181: toluene degradation III (aerobic) (via p-cresol)",0.056840887575065,1.30176157240526e-05,4.597965186936e-05
"PWY-5913: TCA cycle VI (obligate autotrophs)",-0.104761805860274,1.4399090461755e-05,5.03968166161424e-05
"PWY-7279: aerobic respiration II (cytochrome c) (yeast)",0.290573176660791,1.53646532371994e-05,5.32918152821779e-05
"PWY-7210: pyrimidine deoxyribonucleotides biosynthesis from CTP",0.283873945021558,1.79185018279921e-05,6.15948500337229e-05
"PWY-6892: thiazole biosynthesis I (E. coli)",-0.168246945038511,2.00933901010064e-05,6.84597804326325e-05
"HISTSYN-PWY: L-histidine biosynthesis",-0.0854115629343035,2.21162813425028e-05,7.46909501479262e-05
"PWY-821: superpathway of sulfur amino acid biosynthesis (Saccharomyces cerevisiae)",-0.128129056865179,2.28273612062639e-05,7.64220353427095e-05
"PWY0-781: aspartate superpathway",-0.126111115665082,2.47593990623614e-05,8.2175591715596e-05
"PWY-4041: &gamma;-glutamyl cycle",-0.0851369409658516,4.1087470462198e-05,0.000135202360067916
"PWY-6891: thiazole biosynthesis II (Bacillus)",-0.180949252635582,4.4969211551184e-05,0.000146721580061067
"PWY-5747: 2-methylcitrate cycle II",-0.240347790776846,4.73016269394212e-05,0.000153034675392245
"GOLPDLCAT-PWY: superpathway of glycerol degradation to 1,3-propanediol",0.245546913652512,5.0016827685243e-05,0.000160470655490155
"PWY-5005: biotin biosynthesis II",0.407876914251299,5.48704201197266e-05,0.000174587700380948
"PWY-6519: 8-amino-7-oxononanoate biosynthesis I",-0.130678282230763,5.94946410276297e-05,0.000187749481931454
"PWY-6531: mannitol cycle",-0.226640981634324,6.03476583660957e-05,0.000188893076999568
"P185-PWY: formaldehyde assimilation III (dihydroxyacetone cycle)",0.310851992177998,6.59152479167924e-05,0.000204656213290041
"PWY-7003: glycerol degradation to butanol",0.194430581733536,7.63360068155549e-05,0.000235114900991909
"PWY-7323: superpathway of GDP-mannose-derived O-antigen building blocks biosynthesis",-0.190396984969453,7.73304181068971e-05,0.000236287388659963
"PWY-5265: peptidoglycan biosynthesis II (staphylococci)",0.399343612583068,8.64502613020825e-05,0.000262073626781904
"PWY66-391: fatty acid &beta;-oxidation VI (peroxisome)",0.247408310527325,9.21839330350079e-05,0.00027727198608186
"PWY-4981: L-proline biosynthesis II (from arginine)",0.348127252279105,0.000115218221813882,0.000343868336421277
"GLUTORN-PWY: L-ornithine biosynthesis",-0.0535039128170931,0.000141014662482647,0.000417620346583223
"BIOTIN-BIOSYNTHESIS-PWY: biotin biosynthesis I",-0.109985360609268,0.000157991824333334,0.000460809487638891
"PWY-5030: L-histidine degradation III",-0.120401702701321,0.000157001935860008,0.000460809487638891
"SER-GLYSYN-PWY: superpathway of L-serine and glycine biosynthesis I",-0.0275493081883171,0.000168042736238036,0.00048643949963642
"PWY0-42: 2-methylcitrate cycle I",-0.204237504661935,0.000173817172635734,0.000499400085557892
"PWY-7204: pyridoxal 5-phosphate salvage II (plants)",-0.214157545523939,0.000176760599938657,0.000504095044269504
"GLYCOGENSYNTH-PWY: glycogen biosynthesis I (from ADP-D-Glucose)",-0.0666630346901996,0.000186902144148494,0.000529097981596839
"FUCCAT-PWY: fucose degradation",-0.195848289436019,0.000197560935709855,0.00055518949086346
"PWY-6527: stachyose degradation",-0.0837702229715063,0.000199753736668361,0.000557283975487819
"PWY-841: superpathway of purine nucleotides de novo biosynthesis I",0.306298489079573,0.000203484491639336,0.000563608124324781
"KETOGLUCONMET-PWY: ketogluconate metabolism",-0.212332649953157,0.000215389605247444,0.000592321414430472
"PWY-5367: petroselinate biosynthesis",0.384229655370199,0.000224250607277264,0.00061231548795565
"PWY-6901: superpathway of glucose and xylose degradation",-0.0422766566471486,0.000234482092597787,0.000635743701761607
"PWY-7013: L-1,2-propanediol degradation",0.284072917641223,0.000239015355854297,0.000643502881146185
"P621-PWY: nylon-6 oligomer degradation",0.319509207537493,0.000270491795959645,0.000723189871142107
"PWY-5675: nitrate reduction V (assimilatory)",-0.182189257702661,0.000293717882134979,0.000779871618082531
"P221-PWY: octane oxidation",0.291887215793181,0.000323628504093184,0.000853403932026548
"PWY-621: sucrose degradation III (sucrose invertase)",0.338127454581443,0.000333363443042507,0.000873094731777995
"PWY-3781: aerobic respiration I (cytochrome c)",0.30361210813116,0.000354854404225262,0.000923100983964363
"GLYCOLYSIS-E-D: superpathway of glycolysis and Entner-Doudoroff",-0.12065786580172,0.000362025694011077,0.000935435518082313
"PWY-1269: CMP-3-deoxy-D-manno-octulosonate biosynthesis I",-0.132773397843919,0.000458137849323904,0.00117588714659802
"PWY-7388: octanoyl-[acyl-carrier protein] biosynthesis (mitochondria, yeast)",-0.0687304564096593,0.000494872205654059,0.00126176025944909
"PWY-6113: superpathway of mycolate biosynthesis",-0.0518054685622174,0.000499217346101367,0.00126446498848044
"NONOXIPENT-PWY: pentose phosphate pathway (non-oxidative branch)",0.283156887405864,0.00051416205799168,0.00129380648579606
"VALSYN-PWY: L-valine biosynthesis",-0.00853842272819092,0.000517662484922542,0.00129415621230636
"FASYN-ELONG-PWY: fatty acid elongation -- saturated",-0.0606826717692208,0.000601740356997309,0.00148506434258951
"PWY-7664: oleate biosynthesis IV (anaerobic)",-0.0634490491122556,0.000601478161500463,0.00148506434258951
"PWY-5659: GDP-mannose biosynthesis",0.33341328142003,0.000674335201629854,0.00164315856093351
"CITRULBIO-PWY: L-citrulline biosynthesis",-0.0556273105413104,0.000672843156777481,0.00164315856093351
"ILEUSYN-PWY: L-isoleucine biosynthesis I (from threonine)",-0.00189616049119283,0.000792003451882488,0.00191774420738841
"PWY-6282: palmitoleate biosynthesis I (from (5Z)-dodec-5-enoate)",-0.0538241913933748,0.00088354646128955,0.00212603367247798
"PWY-5097: L-lysine biosynthesis VI",-0.0187386103215217,0.000927273517889386,0.00220370558263836
"DTDPRHAMSYN-PWY: dTDP-L-rhamnose biosynthesis I",-0.0543294436269463,0.000924353500529149,0.00220370558263836
"COBALSYN-PWY: adenosylcobalamin salvage from cobinamide I",-0.0995026550750965,0.000945169426774737,0.00223245539452929
"PWY-5392: reductive TCA cycle II",0.140001289104635,0.000968860422764228,0.00227445891929407
"PWY0-166: superpathway of pyrimidine deoxyribonucleotides de novo biosynthesis (E. coli)",0.300207309423551,0.00100720631440176,0.00233599054846191
"PWY-5188: tetrapyrrole biosynthesis I (from glutamate)",0.304572546274624,0.00100415136270819,0.00233599054846191
"PWY-7211: superpathway of pyrimidine deoxyribonucleotides de novo biosynthesis",0.25332189252724,0.00112986530733803,0.00260477930134816
"PHOSLIPSYN-PWY: superpathway of phospholipid biosynthesis I (bacteria)",-0.0796269989016207,0.00122737465221083,0.00281273357798315
"PWY-724: superpathway of L-lysine, L-threonine and L-methionine biosynthesis II",-0.00903629962546137,0.00127581850855638,0.00290645044848644
"P42-PWY: incomplete reductive TCA cycle",0.315723030431059,0.00133731909264852,0.00302863441570401
"PWY-5705: allantoin degradation to glyoxylate III",-0.182440330418269,0.00135642211384021,0.00305393282940632
"ARG+POLYAMINE-SYN: superpathway of arginine and polyamine biosynthesis",-0.109155266211137,0.00136963132400924,0.00306574453339277
"FASYN-INITIAL-PWY: superpathway of fatty acid biosynthesis initiation (E. coli)",-0.0423049379195435,0.00146520089316822,0.0032419674935044
"PWY-5345: superpathway of L-methionine biosynthesis (by sulfhydrylation)",-0.0465592097696494,0.00146213927874239,0.0032419674935044
"PWY-7111: pyruvate fermentation to isobutanol (engineered)",0.00707806909648796,0.00154566412896745,0.00338114028211629
"PWY-5103: L-isoleucine biosynthesis III",0.00235660503960555,0.00154046337451487,0.00338114028211629
"PWY0-41: allantoin degradation IV (anaerobic)",-0.14309906463186,0.00162704593249769,0.00353905471193
"BRANCHED-CHAIN-AA-SYN-PWY: superpathway of branched amino acid biosynthesis",0.00611747706557203,0.00170292040750047,0.00368328290386338
"PWY-5347: superpathway of L-methionine biosynthesis (transsulfuration)",0.00383090753738362,0.00191571622532659,0.00412039523324434
"COA-PWY: coenzyme A biosynthesis I",0.291885562113522,0.00196381927141261,0.0042003912194103
"NAGLIPASYN-PWY: lipid IVA biosynthesis",-0.105646930116267,0.00218058436277288,0.00463825955617435
"MET-SAM-PWY: superpathway of S-adenosyl-L-methionine biosynthesis",6.72936050374497e-05,0.00245096597347724,0.00518473571312494
"PWY-6305: putrescine biosynthesis IV",-0.102774917456981,0.00258200923758212,0.00543209593698971
"PWY-6124: inosine-5-phosphate biosynthesis II",0.291653685715158,0.00264654885908703,0.00553761581928536
"PWY-6317: galactose degradation I (Leloir pathway)",0.296235972243789,0.00278797491658598,0.00580200185343569
"PWY-7392: taxadiene biosynthesis (engineered)",-0.042569528018878,0.0029236957902866,0.00605173591000183
"PWY-5415: catechol degradation I (meta-cleavage pathway)",0.189189531441615,0.00312230430606706,0.00642827357131454
"PWY-4242: pantothenate and coenzyme A biosynthesis III",0.283399402124207,0.00326938698162826,0.00669528716982383
"PWY-5505: L-glutamate and L-glutamine biosynthesis",-0.0904895694398086,0.00338515222829972,0.00689568046505499
"PWY-7269: NAD/NADP-NADH/NADPH mitochondrial interconversion (yeast)",0.146357290497094,0.00340384507401157,0.00689726501839186
"PWY-5695: urate biosynthesis/inosine 5-phosphate degradation",0.26982429134066,0.00359797209923259,0.00725245684923846
"PWY-6859: all-trans-farnesol biosynthesis",0.342433421255134,0.00367723819373561,0.00737362866973027
"PWY-6595: superpathway of guanosine nucleotides degradation (plants)",0.35736446144749,0.0039459802472829,0.00787151500105656
"PWY-6588: pyruvate fermentation to acetone",-0.131752536298498,0.00454632712783255,0.00902235022791512
"FUC-RHAMCAT-PWY: superpathway of fucose and rhamnose degradation",-0.14028023186257,0.00523575596347121,0.0103372617740329
"FERMENTATION-PWY: mixed acid fermentation",-0.0639509658470137,0.00529771062593422,0.0103684919073917
"PPGPPMET-PWY: ppGpp biosynthesis",0.218122958491414,0.00530543611884716,0.0103684919073917
"PWY-7315: dTDP-N-acetylthomosamine biosynthesis",0.171964879771634,0.0054112502428009,0.0105218754721129
"DENITRIFICATION-PWY: nitrate reduction I (denitrification)",0.0233060485714745,0.00561311397841072,0.0108595421190358
"P562-PWY: myo-inositol degradation I",0.117873622580236,0.00594177306974985,0.0114379131592685
"P441-PWY: superpathway of N-acetylneuraminate degradation",-0.0314573222424499,0.00629557708587338,0.0120462545801421
"UDPNACETYLGALSYN-PWY: UDP-N-acetyl-D-glucosamine biosynthesis II",0.310686805640091,0.00632037253295766,0.0120462545801421
"PWY-5173: superpathway of acetyl-CoA biosynthesis",0.285820333710528,0.00681745565858839,0.0129296572835297
"RHAMCAT-PWY: L-rhamnose degradation I",0.28721806361505,0.00706297072527638,0.0133296261236834
"METSYN-PWY: L-homoserine and L-methionine biosynthesis",0.018614791268284,0.00714948032682099,0.0134270728089077
"ARGSYNBSUB-PWY: L-arginine biosynthesis II (acetyl cycle)",0.00810887773667901,0.00725217626807714,0.0135538245786879
"PWY-6628: superpathway of L-phenylalanine biosynthesis",-0.00631373553984295,0.00784934593056225,0.0145990250399346
"ORNDEG-PWY: superpathway of ornithine degradation",-0.115621916075904,0.00873985841784711,0.0161771417830343
"POLYAMSYN-PWY: superpathway of polyamine biosynthesis I",-0.0968954205688715,0.00886814365739102,0.0163360541057203
"GLCMANNANAUT-PWY: superpathway of N-acetylglucosamine, N-acetylmannosamine and N-acetylneuraminate degradation",-0.00690410600101706,0.00987893766333016,0.0181113857161053
"ASPASN-PWY: superpathway of L-aspartate and L-asparagine biosynthesis",0.0235035547582691,0.0101774937340474,0.018570308472077
"PWY0-1261: anhydromuropeptides recycling",-0.02415286835866,0.0109257429386382,0.0198415614687533
"PWY-5941: glycogen degradation II (eukaryotic)",0.0149430842128967,0.0110330711472909,0.0199424055948686
"PWY-5028: L-histidine degradation II",0.183557438464192,0.0113768813828517,0.0204677538897099
"PWY-1622: formaldehyde assimilation I (serine pathway)",-0.106209158549339,0.0122269973517692,0.0218948557229355
"PWY-6123: inosine-5-phosphate biosynthesis I",0.261490866448452,0.0128739302386417,0.0229465886198012
"PWY-6126: superpathway of adenosine nucleotides de novo biosynthesis II",0.252258720013508,0.0133065450303474,0.0235363883584059
"PWY-6936: seleno-amino acid biosynthesis",0.248038383362231,0.0133270978237207,0.0235363883584059
"GALACTUROCAT-PWY: D-galacturonate degradation I",-0.0834661923590224,0.013447044733452,0.0236397818373471
"DENOVOPURINE2-PWY: superpathway of purine nucleotides de novo biosynthesis II",0.256548483747799,0.0140477784568479,0.0245836122994838
"PWY-5154: L-arginine biosynthesis III (via N-acetyl-L-citrulline)",0.0258605293954489,0.0164194599945993,0.028347498196954
"PRPP-PWY: superpathway of histidine, purine, and pyrimidine biosynthesis",-0.0603019038724253,0.0163619194437858,0.028347498196954
"PWY0-881: superpathway of fatty acid biosynthesis I (E. coli)",0.00117542736327463,0.0162725991601808,0.028347498196954
"PWY-3001: superpathway of L-isoleucine biosynthesis I",0.0436964356301929,0.0169822655406563,0.029188268898003
"HEME-BIOSYNTHESIS-II: heme biosynthesis I (aerobic)",0.254435777880574,0.0171321133090743,0.0293149494399717
"ALLANTOINDEG-PWY: superpathway of allantoin degradation in yeast",-0.0145662360526731,0.0189857682513249,0.0323430122865491
"PWY-5897: superpathway of menaquinol-11 biosynthesis",-0.00184751240809513,0.0194231982215804,0.0326547219009102
"PWY-5898: superpathway of menaquinol-12 biosynthesis",-0.00184751240809513,0.0194231982215804,0.0326547219009102
"PWY-5899: superpathway of menaquinol-13 biosynthesis",-0.00184751240809513,0.0194231982215804,0.0326547219009102
"PWY-7400: L-arginine biosynthesis IV (archaebacteria)",0.0315691595861227,0.0204818646040509,0.0342848603154764
"AST-PWY: L-arginine degradation II (AST pathway)",0.118057512456785,0.0213983752771783,0.0356639587952972
"HOMOSER-METSYN-PWY: L-methionine biosynthesis I",0.0270699462059565,0.0222922017023286,0.036993524376709
"PWY-7242: D-fructuronate degradation",-0.0463516468530287,0.0227351178746165,0.0375666110803749
"PWY-5083: NAD/NADH phosphorylation and dephosphorylation",-0.0811474573180253,0.0232696630979398,0.0382855568064394
"ARGSYN-PWY: L-arginine biosynthesis I (via L-ornithine)",0.0351081326431878,0.024316427669518,0.0396687485286629
"PWY-6630: superpathway of L-tyrosine biosynthesis",-0.0817131116278044,0.0242951836987236,0.0396687485286629
"RUMP-PWY: formaldehyde oxidation I",0.262742431606853,0.0295902241751081,0.0480685076262305
"HEMESYN2-PWY: heme biosynthesis II (anaerobic)",-0.0454612666293598,0.0317056074528585,0.0512884826443299
"TRNA-CHARGING-PWY: tRNA charging",0.234603030769837,0.0319367530986343,0.0514462340710218
"PWY-7539: 6-hydroxymethyl-dihydropterin diphosphate biosynthesis III (Chlamydia)",0.0317735121680594,0.0323070624074355,0.0516108673313803
"PWY-7446: sulfoglycolysis",0.132470216037435,0.0322532183826829,0.0516108673313803
"PWY-7220: adenosine deoxyribonucleotides de novo biosynthesis II",0.239725434037432,0.0446352036144153,0.0707183267141971
"PWY-7222: guanosine deoxyribonucleotides de novo biosynthesis II",0.239725434037432,0.0446352036144153,0.0707183267141971
"PWY-7345: superpathway of anaerobic sucrose degradation",0.0891186223122051,0.0459607189154994,0.0725199868133904
"CENTFERM-PWY: pyruvate fermentation to butanoate",0.0325913777604598,0.0462507631761731,0.0726797707054149
"PWY-3801: sucrose degradation II (sucrose synthase)",0.0885612966525537,0.0468647520240916,0.0733452419889239
"UDPNAGSYN-PWY: UDP-N-acetyl-D-glucosamine biosynthesis I",0.235500731657626,0.0487697367008286,0.076017605788741
"FAO-PWY: fatty acid &beta;-oxidation I",-0.0634663762464264,0.0534115519422084,0.0826266615029712
"PWY-5177: glutaryl-CoA degradation",0.246526045512816,0.0534390615954281,0.0826266615029712
"GLYCOLYSIS-TCA-GLYOX-BYPASS: superpathway of glycolysis, pyruvate dehydrogenase, TCA, and glyoxylate bypass",-0.065501635586111,0.0613042358877757,0.0944085232671746
"KDO-NAGLIPASYN-PWY: superpathway of (Kdo)2-lipid A biosynthesis",-0.0930319496633911,0.0642272983552048,0.0985159755647563
"PWY-5136: fatty acid &beta;-oxidation II (peroxisome)",-0.0548000307896932,0.0766479945880526,0.117101102842858
"POLYISOPRENSYN-PWY: polyisoprenoid biosynthesis (E. coli)",0.0307244275036438,0.0826992953192545,0.125846753746692
"PWY-5971: palmitate biosynthesis II (bacteria and plants)",0.0268849222238227,0.0874648425364306,0.132408483429259
"PWY-5723: Rubisco shunt",-0.0725513831233141,0.0876991253882103,0.132408483429259
"PWY-7229: superpathway of adenosine nucleotides de novo biosynthesis I",0.217684075815227,0.090978085410593,0.136822511262025
"PWY-6590: superpathway of Clostridium acetobutylicum acidogenic fermentation",0.0494093978030703,0.0935253440500795,0.140106060152843
"P161-PWY: acetylene degradation",0.221840507993114,0.0952360656283882,0.141574907153981
"PWY1G-0: mycothiol biosynthesis",0.150005936936068,0.0952413011763143,0.141574907153981
"PWY3DJ-35471: L-ascorbate biosynthesis IV",-0.137002083156001,0.0959588153805371,0.142092861236565
"PWY-1861: formaldehyde assimilation II (RuMP Cycle)",0.246046736454241,0.0986174308065082,0.145470156553662
"FOLSYN-PWY: superpathway of tetrahydrofolate biosynthesis and salvage",0.18173986233632,0.0996420578521206,0.14642058119491
"P108-PWY: pyruvate fermentation to propanoate I",0.158419867921379,0.102023650190252,0.149350210354551
"PWY-6471: peptidoglycan biosynthesis IV (Enterococcus faecium)",0.247026928220287,0.102769083115629,0.149871579543625
"PWY-5973: cis-vaccenate biosynthesis",0.22974002911097,0.107625175806763,0.156361104473976
"PWY-3841: folate transformations II",0.217731037855982,0.120254556250446,0.172753746852319
"PWY-5918: superpathay of heme biosynthesis from glutamate",0.201941127464386,0.120192885166798,0.172753746852319
"PWY-5920: superpathway of heme biosynthesis from glycine",-0.0395979476106882,0.120233807759913,0.172753746852319
"PWY-5791: 1,4-dihydroxy-2-naphthoate biosynthesis II (plants)",0.191203537099701,0.124817230744582,0.177980125320977
"PWY-5837: 1,4-dihydroxy-2-naphthoate biosynthesis I",0.191203537099701,0.124817230744582,0.177980125320977
"GLYCOL-GLYOXDEG-PWY: superpathway of glycol metabolism and degradation",-0.102952572254687,0.12717931180043,0.180679096100243
"HEXITOLDEGSUPER-PWY: superpathway of hexitol degradation (bacteria)",0.0356021774435661,0.140577123427075,0.198978648968471
"PWY-6163: chorismate biosynthesis from 3-dehydroquinate",0.206739625795645,0.14598027283477,0.205869615536214
"PWY-6385: peptidoglycan biosynthesis III (mycobacteria)",0.0855231880094816,0.153092104897736,0.215111169290615
"PWY0-1241: ADP-L-glycero-&beta;-D-manno-heptose biosynthesis",0.149180659786736,0.155464415774672,0.217650182084541
"PWY66-389: phytol degradation",0.211667809771457,0.166958592474104,0.232895138052644
"TCA-GLYOX-BYPASS: superpathway of glyoxylate bypass and TCA",-0.0424699114886064,0.167718482914316,0.233110526794266
"PWY-5104: L-isoleucine biosynthesis IV",0.201590595775612,0.177310637045077,0.245556098066024
"PWY-7219: adenosine ribonucleotides de novo biosynthesis",0.203637107879101,0.184783074307521,0.254987396445862
"PWY-6612: superpathway of tetrahydrofolate biosynthesis",0.169173776383163,0.185470627747327,0.255022113152574
"HISDEG-PWY: L-histidine degradation I",0.23478608867436,0.18778264144269,0.257282266745322
"ANAEROFRUCAT-PWY: homolactic fermentation",0.0880751593127616,0.191548498033026,0.261511247314592
"PWY-6703: preQ0 biosynthesis",0.204559402742973,0.200367235119501,0.272584401134303
"PWY-7094: fatty acid salvage",0.0494674460667752,0.205875481421324,0.279091761785949
"ARO-PWY: chorismate biosynthesis I",0.196634517374897,0.21799544241801,0.29448507133661
"COMPLETE-ARO-PWY: superpathway of aromatic amino acid biosynthesis",0.194003143758192,0.245065610668529,0.329896014361481
"PWY-6803: phosphatidylcholine acyl editing",-0.0389349663950816,0.252954201872278,0.339328807389641
"ENTBACSYN-PWY: enterobactin biosynthesis",-0.0569455520235042,0.253872336590047,0.339377949955445
"CALVIN-PWY: Calvin-Benson-Bassham cycle",0.182701152240035,0.277025889358704,0.369048330114537
"PWY4FS-7: phosphatidylglycerol biosynthesis I (plastidic)",0.18701890784322,0.295947229430189,0.39172352505027
"PWY-7282: 4-amino-2-methyl-5-phosphomethylpyrimidine biosynthesis (yeast)",0.0665716437597878,0.296081937115919,0.39172352505027
"PWY-6121: 5-aminoimidazole ribonucleotide biosynthesis I",0.191408157013612,0.306675809279537,0.404349954015828
"PWY-2942: L-lysine biosynthesis III",0.101895985163487,0.313243900283669,0.411600346789121
"PWY-181: photorespiration",0.176435885408333,0.314606907070476,0.411985235449432
"GLUCONEO-PWY: gluconeogenesis I",0.0726164089199284,0.316305744967726,0.41280580275449
"THRESYN-PWY: superpathway of L-threonine biosynthesis",0.103919681596196,0.324121851005297,0.41771203721839
"PWY4FS-8: phosphatidylglycerol biosynthesis II (non-plastidic)",0.183916676547955,0.323124014544241,0.41771203721839
"PWY-5180: toluene degradation I (aerobic) (via o-cresol)",0.0515506725537054,0.324404932800775,0.41771203721839
"PWY-5182: toluene degradation II (aerobic) (via 4-methylcatechol)",0.0515506725537054,0.324404932800775,0.41771203721839
"SULFATE-CYS-PWY: superpathway of sulfate assimilation and cysteine biosynthesis",0.0793288735083342,0.330456727275382,0.42408613333674
"PWY-5690: TCA cycle II (plants and fungi)",-0.00336669999455737,0.348253536151155,0.445440569495663
"PWY-5484: glycolysis II (from fructose 6-phosphate)",0.101069282914208,0.354038411673834,0.451340359253067
"TEICHOICACID-PWY: teichoic acid (poly-glycerol) biosynthesis",0.210455793261818,0.369722573243588,0.469779507256705
"PWY-6122: 5-aminoimidazole ribonucleotide biosynthesis II",0.185487928127402,0.375690590797111,0.47423238510455
"PWY-6277: superpathway of 5-aminoimidazole ribonucleotide biosynthesis",0.185487928127402,0.375690590797111,0.47423238510455
"GLYCOLYSIS: glycolysis I (from glucose 6-phosphate)",0.105225623714737,0.38447117838167,0.483730077375631
"ANAGLYCOLYSIS-PWY: glycolysis III (from glucose)",0.108585601729667,0.38735883607133,0.485775739047107
"PWY-5863: superpathway of phylloquinol biosynthesis",0.127648584990398,0.396430936601515,0.495538670751894
"PWY-7187: pyrimidine deoxyribonucleotides de novo biosynthesis II",0.185649645574435,0.404522628537137,0.50401686727119
"PWY-6823: molybdenum cofactor biosynthesis",0.100295715753354,0.423297557959879,0.525708257466302
"PWY-7235: superpathway of ubiquinol-6 biosynthesis (eukaryotic)",0.0887099383621689,0.444400327238346,0.550141884201811
"PWY-7254: TCA cycle VII (acetate-producers)",2.28569829494435e-05,0.456214211106035,0.562956638704563
"PWY-6969: TCA cycle V (2-oxoglutarate:ferredoxin oxidoreductase)",0.00613880238582282,0.468182511803571,0.575879447426117
"PWY0-1319: CDP-diacylglycerol biosynthesis II",0.110385317288126,0.474418438902978,0.576458668373678
"P461-PWY: hexitol fermentation to lactate, formate, ethanol and acetate",0.0624091502682267,0.470264443582982,0.576458668373678
"OANTIGEN-PWY: O-antigen building blocks biosynthesis (E. coli)",0.105236170904758,0.472319546201886,0.576458668373678
"PWY0-1277: 3-phenylpropanoate and 3-(3-hydroxyphenyl)propanoate degradation",-0.0415817544796135,0.474642591881704,0.576458668373678
"PWY-5189: tetrapyrrole biosynthesis II (from glycine)",0.168397923643593,0.489761422369208,0.592950149723727
"TRPSYN-PWY: L-tryptophan biosynthesis",0.108065561500613,0.493890933782517,0.596075264909935
"PWY-5840: superpathway of menaquinol-7 biosynthesis",0.0760572918174667,0.499638237796981,0.601127254849492
"ARGDEG-PWY: superpathway of L-arginine, putrescine, and 4-aminobutanoate degradation",-0.0351596962282699,0.503149514764808,0.601591811131835
"ORNARGDEG-PWY: superpathway of L-arginine and L-ornithine degradation",-0.0351596962282699,0.503149514764808,0.601591811131835
"PWY-5667: CDP-diacylglycerol biosynthesis I",0.113617819914617,0.509185068422937,0.606923378770374
"PWY-5676: acetyl-CoA fermentation to butanoate II",0.0282564503337625,0.520216350184358,0.614942963075765
"P122-PWY: heterolactic fermentation",0.0682032852497639,0.520704950552466,0.614942963075765
"THREOCAT-PWY: superpathway of L-threonine metabolism",-0.111584531567001,0.520596428638582,0.614942963075765
"PANTO-PWY: phosphopantothenate biosynthesis I",0.115298776362965,0.527659785348962,0.621250817612693
"PWY0-1586: peptidoglycan maturation (meso-diaminopimelate containing)",0.118586042940018,0.541464563589725,0.635560539579403
"PWY-5692: allantoin degradation to glyoxylate II",0.0531433239699827,0.544826937969269,0.635631427630813
"URDEGR-PWY: superpathway of allantoin degradation in plants",0.0531433239699827,0.544826937969269,0.635631427630813
"PWY0-162: superpathway of pyrimidine ribonucleotides de novo biosynthesis",0.114793247746378,0.554505945135283,0.644969150686055
"PWY66-422: D-galactose degradation V (Leloir pathway)",0.173371502606045,0.575897295480024,0.667832707107859
"GALACTARDEG-PWY: D-galactarate degradation I",-0.011806035659778,0.605974736986641,0.698503813592386
"GLUCARGALACTSUPER-PWY: superpathway of D-glucarate and D-galactarate degradation",-0.011806035659778,0.605974736986641,0.698503813592386
"PWY-7237: myo-, chiro- and scillo-inositol degradation",0.0545727313048438,0.618058136355138,0.710305619393218
"SO4ASSIM-PWY: sulfate reduction I (assimilatory)",0.155891520833222,0.62358440412941,0.714523796398282
"PWY-6285: superpathway of fatty acids biosynthesis (E. coli)",0.0648872006607093,0.626141535194274,0.714622698771712
"PWY-561: superpathway of glyoxylate cycle and fatty acid degradation",0.0386574771243319,0.627383044635945,0.714622698771712
"PWY4LZ-257: superpathway of fermentation (Chlamydomonas reinhardtii)",0.055546400704172,0.638620777814478,0.725277284538566
"PANTOSYN-PWY: pantothenate and coenzyme A biosynthesis I",0.164951448067457,0.643185097224309,0.728312536562821
"PWY-1042: glycolysis IV (plant cytosol)",0.161673627225623,0.649604261387496,0.731879072826232
"PWY-6549: L-glutamine biosynthesis III",0.0647592781457664,0.650136734822263,0.731879072826232
"1CMET2-PWY: N10-formyl-tetrahydrofolate biosynthesis",0.127823707442101,0.655959196370825,0.736280730620314
"PWY-5100: pyruvate fermentation to acetate and lactate II",0.124775882835214,0.679503508148974,0.760490844876032
"P105-PWY: TCA cycle IV (2-oxoglutarate decarboxylase)",-0.001113860592475,0.688160171436925,0.765403794692567
"PWY-6507: 4-deoxy-L-threo-hex-4-enopyranuronate degradation",0.0771056355976508,0.685933808681495,0.765403794692567
"URSIN-PWY: ureide biosynthesis",-0.0575893217357681,0.689857446125508,0.765403794692567
"PWY-6386: UDP-N-acetylmuramoyl-pentapeptide biosynthesis II (lysine-containing)",0.164397631859574,0.693954560400744,0.767495848888842
"3-HYDROXYPHENYLACETATE-DEGRADATION-PWY: 4-hydroxyphenylacetate degradation",-0.0226495707401187,0.695730003278457,0.767495848888842
"PWY-241: C4 photosynthetic carbon assimilation cycle, NADP-ME type",0.110104153889305,0.705971959984346,0.77656915598278
"PWY0-862: (5Z)-dodec-5-enoate biosynthesis",0.127271576447809,0.723025743879595,0.793062425622918
"PWY-6151: S-adenosyl-L-methionine cycle I",0.162596608027812,0.726910323918678,0.795058166786054
"PWY-6147: 6-hydroxymethyl-dihydropterin diphosphate biosynthesis I",0.16214224823847,0.747562409314591,0.815330106476254
"PWY-6606: guanosine nucleotides degradation II",0.106688387799977,0.753748849337195,0.819755104505141
"PWY-5871: ubiquinol-9 biosynthesis (eukaryotic)",0.0982426924180025,0.760583865426323,0.822541539857118
"PWY-5873: ubiquinol-7 biosynthesis (eukaryotic)",0.0982426924180025,0.760583865426323,0.822541539857118
"PWY-6387: UDP-N-acetylmuramoyl-pentapeptide biosynthesis I (meso-diaminopimelate containing)",0.159480415777784,0.772411693343958,0.832993002625837
"PWY-5686: UMP biosynthesis",0.133976627090577,0.779752045239614,0.835036021013284
"PWY-5862: superpathway of demethylmenaquinol-9 biosynthesis",0.0462072439077772,0.782516625143057,0.835036021013284
"HCAMHPDEG-PWY: 3-phenylpropanoate and 3-(3-hydroxyphenyl)propanoate degradation to 2-oxopent-4-enoate",-0.0179736622166729,0.782981827495573,0.835036021013284
"PWY-6690: cinnamate and 3-hydroxycinnamate degradation to 2-oxopent-4-enoate",-0.0179736622166729,0.782981827495573,0.835036021013284
"PWY-7663: gondoate biosynthesis (anaerobic)",0.160866505339217,0.787096196814866,0.837105071198131
"PWY-6284: superpathway of unsaturated fatty acids biosynthesis (E. coli)",0.10354870723051,0.804536853314272,0.853296662606046
"PEPTIDOGLYCANSYN-PWY: peptidoglycan biosynthesis I (meso-diaminopimelate containing)",0.157469692938608,0.808283253215762,0.854914979362825
"P23-PWY: reductive TCA cycle I",0.0163820613431539,0.828367048062333,0.873757023298625
"PWY66-400: glycolysis VI (metazoan)",0.151337634284454,0.846456249401474,0.881759722918389
"PWY-5850: superpathway of menaquinol-6 biosynthesis I",-0.00131057795658431,0.847405447999491,0.881759722918389
"PWY-5896: superpathway of menaquinol-10 biosynthesis",-0.00131057795658431,0.847405447999491,0.881759722918389
"PWY-5860: superpathway of demethylmenaquinol-6 biosynthesis I",0.0158176638246127,0.842976293494967,0.881759722918389
"NAD-BIOSYNTHESIS-II: NAD salvage pathway II",0.129463028597572,0.842347623538475,0.881759722918389
"RIBOSYN2-PWY: flavin biosynthesis I (bacteria and plants)",0.132419626069903,0.850049385125422,0.882126720413173
"PWY-6897: thiamin salvage II",0.12709495672622,0.863022607917241,0.890205835684797
"PWY-7357: thiamin formation from pyrithiamine and oxythiamine (yeast)",0.137779042901275,0.86477138323666,0.890205835684797
"PWY-5845: superpathway of menaquinol-9 biosynthesis",0.0257759566098077,0.863007330050408,0.890205835684797
"GLUCARDEG-PWY: D-glucarate degradation I",0.0141118378794992,0.870360515454261,0.893570129199708
"COA-PWY-1: coenzyme A biosynthesis II (mammalian)",0.154083972845406,0.874475576265802,0.895407172506207
"GLYOXYLATE-BYPASS: glyoxylate cycle",0.0297465275982981,0.885217743300228,0.90400220469652
"PWY-6168: flavin biosynthesis III (fungi)",0.132965598028239,0.888359321964821,0.904810420519725
"PENTOSE-P-PWY: pentose phosphate pathway",0.136598457810206,0.891162579683812,0.905270694401762
"PWY-6608: guanosine nucleotides degradation III",0.119987955471952,0.905979084739706,0.915490676180542
"PWY-7409: phospholipid remodeling (phosphatidylethanolamine, yeast)",0.00179736596476076,0.903876817509591,0.915490676180542
"REDCITCYC: TCA cycle VIII (helicobacter)",0.0167445375759152,0.94708236972805,0.9545201893856
"PWY-5178: toluene degradation IV (aerobic) (via catechol)",-0.129519185823174,0.96719727186026,0.972247910355614
"PWY-7221: guanosine ribonucleotides de novo biosynthesis",0.145304577443494,0.977466734364904,0.980012220652312
"PWY0-1533: methylphosphonate degradation I",0.000356154654043162,0.990202500538392,0.990202500538392
